inventory_id,product_id,warehouse_id,warehouse_name,current_stock,minimum_stock,maximum_stock,reorder_level,lead_time_days,stockout_risk,inventory_turnover,last_restock_date
INV000001,PRD-00001,W04,WH_RIO,273,45,453,90,5,0.3987,6.23,2026-07-14
INV000002,PRD-00002,W04,WH_SAO_PAULO,230,34,348,69,5,0.341,4.39,2026-08-04
INV000003,PRD-00003,W04,WH_RIO,421,51,515,103,7,0.1841,5.94,2026-07-23
INV000004,PRD-00004,W03,WH_SAO_PAULO,138,25,259,51,5,0.4692,2.91,2026-07-17
INV000005,PRD-00005,W03,WH_RIO,452,65,650,130,7,0.3057,8.13,2026-07-19
INV000006,PRD-00006,W02,WH_SAO_PAULO,153,21,210,42,8,0.2749,2.02,2026-07-21
INV000007,PRD-00007,W01,WH_RIO,272,60,609,121,13,0.5541,7.59,2026-07-23
INV000008,PRD-00008,W03,WH_BAHIA,234,27,277,55,12,0.1583,3.08,2026-07-25
INV000009,PRD-00009,W03,WH_MINAS,119,29,298,59,2,0.602,3.71,2026-07-22
INV000010,PRD-00010,W03,WH_BAHIA,193,47,476,95,9,0.5954,6.36,2026-07-16
INV000011,PRD-00011,W01,WH_SAO_PAULO,439,64,643,128,7,0.3183,8.24,2026-07-14
INV000012,PRD-00012,W01,WH_BAHIA,134,18,184,36,12,0.2757,1.88,2026-07-13
INV000013,PRD-00013,W04,WH_MINAS,292,45,457,91,12,0.3624,6.04,2026-07-14
INV000014,PRD-00014,W01,WH_RIO,232,37,373,74,11,0.3797,3.88,2026-07-16
INV000015,PRD-00015,W01,WH_MINAS,161,23,234,46,11,0.3149,2.83,2026-08-04
INV000016,PRD-00016,W01,WH_BAHIA,272,45,453,90,7,0.4009,5.63,2026-07-20
INV000017,PRD-00017,W03,WH_BAHIA,108,23,232,46,4,0.5365,3.09,2026-07-24
INV000018,PRD-00018,W01,WH_BAHIA,318,42,426,85,10,0.2553,5.62,2026-07-17
INV000019,PRD-00019,W02,WH_MINAS,172,26,265,53,12,0.3534,2.77,2026-07-08
INV000020,PRD-00020,W04,WH_BAHIA,240,30,307,61,6,0.2208,4.19,2026-07-25
INV000021,PRD-00021,W04,WH_BAHIA,180,36,363,72,11,0.5055,4.45,2026-07-17
INV000022,PRD-00022,W03,WH_SAO_PAULO,313,49,490,98,13,0.3625,6.34,2026-07-12
INV000023,PRD-00023,W03,WH_MINAS,108,25,253,50,13,0.5748,3.05,2026-07-13
INV000024,PRD-00024,W02,WH_RIO,209,40,405,81,12,0.4852,5.56,2026-08-03
INV000025,PRD-00025,W04,WH_RIO,196,30,303,60,5,0.3553,3.4,2026-07-26
INV000026,PRD-00026,W03,WH_BAHIA,134,28,283,56,9,0.5282,3.58,2026-07-14
INV000027,PRD-00027,W03,WH_MINAS,395,46,467,93,8,0.156,5.61,2026-07-11
INV000028,PRD-00028,W02,WH_RIO,226,30,302,60,13,0.2541,3.46,2026-07-15
INV000029,PRD-00029,W01,WH_BAHIA,190,28,286,57,10,0.338,4.2,2026-07-07
INV000030,PRD-00030,W01,WH_BAHIA,287,38,383,76,7,0.2526,4.84,2026-07-19
INV000031,PRD-00031,W02,WH_MINAS,147,20,200,40,13,0.2687,3.11,2026-07-13
INV000032,PRD-00032,W02,WH_BAHIA,244,30,307,61,12,0.2078,4.45,2026-07-10
INV000033,PRD-00033,W01,WH_MINAS,330,40,409,81,2,0.1951,4.97,2026-07-22
INV000034,PRD-00034,W04,WH_SAO_PAULO,61,14,144,28,4,0.5793,1.71,2026-07-16
INV000035,PRD-00035,W03,WH_RIO,134,22,224,44,9,0.4044,3.47,2026-07-30
INV000036,PRD-00036,W03,WH_SAO_PAULO,184,31,311,62,7,0.4103,4.0,2026-07-30
INV000037,PRD-00037,W01,WH_RIO,287,45,458,91,8,0.3747,5.77,2026-07-18
INV000038,PRD-00038,W02,WH_RIO,375,75,752,150,10,0.502,9.23,2026-07-07
INV000039,PRD-00039,W03,WH_BAHIA,119,26,262,52,2,0.5475,2.64,2026-07-15
INV000040,PRD-00040,W04,WH_SAO_PAULO,124,16,169,33,5,0.2706,1.65,2026-07-10
INV000041,PRD-00041,W03,WH_RIO,89,17,176,35,3,0.4972,2.73,2026-08-02
INV000042,PRD-00042,W04,WH_MINAS,125,27,274,54,5,0.5455,3.4,2026-07-09
INV000043,PRD-00043,W04,WH_RIO,475,64,643,128,10,0.2624,7.62,2026-07-08
INV000044,PRD-00044,W03,WH_MINAS,135,16,161,32,12,0.1667,1.89,2026-08-01
INV000045,PRD-00045,W03,WH_BAHIA,236,33,335,67,11,0.2976,4.03,2026-07-27
INV000046,PRD-00046,W02,WH_RIO,336,41,413,82,12,0.1884,5.45,2026-07-24
INV000047,PRD-00047,W02,WH_RIO,205,25,252,50,6,0.1897,2.62,2026-07-07
INV000048,PRD-00048,W02,WH_RIO,224,48,486,97,8,0.54,5.63,2026-07-30
INV000049,PRD-00049,W04,WH_BAHIA,444,58,584,116,7,0.241,7.02,2026-07-18
INV000050,PRD-00050,W01,WH_RIO,134,19,195,39,10,0.3163,2.99,2026-07-26
INV000051,PRD-00051,W02,WH_RIO,375,46,466,93,12,0.197,5.41,2026-07-14
INV000052,PRD-00052,W03,WH_SAO_PAULO,176,39,398,79,2,0.5589,4.93,2026-07-15
INV000053,PRD-00053,W04,WH_MINAS,200,32,323,64,6,0.3827,3.36,2026-07-18
INV000054,PRD-00054,W03,WH_RIO,184,26,264,52,13,0.3057,3.6,2026-07-10
INV000055,PRD-00055,W03,WH_MINAS,348,56,561,112,11,0.3808,6.7,2026-07-09
INV000056,PRD-00056,W01,WH_RIO,137,19,198,39,9,0.3116,2.51,2026-07-24
INV000057,PRD-00057,W02,WH_SAO_PAULO,242,27,279,55,8,0.1357,3.55,2026-07-13
INV000058,PRD-00058,W03,WH_RIO,231,44,443,88,8,0.4797,5.52,2026-07-08
INV000059,PRD-00059,W01,WH_SAO_PAULO,152,37,374,74,11,0.5947,4.07,2026-07-31
INV000060,PRD-00060,W02,WH_SAO_PAULO,381,54,543,108,12,0.2996,6.16,2026-07-29
INV000061,PRD-00061,W03,WH_SAO_PAULO,136,23,232,46,12,0.4163,2.34,2026-07-17
INV000062,PRD-00062,W01,WH_MINAS,385,50,500,100,4,0.2315,5.38,2026-07-21
INV000063,PRD-00063,W01,WH_MINAS,349,42,422,84,4,0.1749,4.95,2026-07-13
INV000064,PRD-00064,W03,WH_BAHIA,194,39,392,78,4,0.5064,4.1,2026-07-23
INV000065,PRD-00065,W04,WH_SAO_PAULO,144,21,213,42,4,0.3271,3.18,2026-07-08
INV000066,PRD-00066,W01,WH_SAO_PAULO,233,44,441,88,8,0.4729,4.75,2026-07-30
INV000067,PRD-00067,W02,WH_BAHIA,218,26,269,53,2,0.1926,3.51,2026-08-04
INV000068,PRD-00068,W04,WH_RIO,209,90,901,180,9,0.7683,10.56,2026-07-11
INV000069,PRD-00069,W01,WH_SAO_PAULO,200,23,231,46,13,0.1379,2.27,2026-07-20
INV000070,PRD-00070,W04,WH_SAO_PAULO,166,22,225,45,8,0.2655,3.49,2026-07-21
INV000071,PRD-00071,W01,WH_RIO,334,43,437,87,12,0.2374,5.38,2026-07-18
INV000072,PRD-00072,W03,WH_SAO_PAULO,98,13,134,26,13,0.2741,1.88,2026-07-09
INV000073,PRD-00073,W01,WH_BAHIA,202,25,259,51,5,0.2231,3.28,2026-08-01
INV000074,PRD-00074,W02,WH_BAHIA,176,36,361,72,4,0.5138,5.09,2026-07-30
INV000075,PRD-00075,W04,WH_MINAS,266,34,349,69,6,0.24,3.63,2026-07-14
INV000076,PRD-00076,W02,WH_RIO,119,16,168,33,11,0.2959,2.14,2026-07-18
INV000077,PRD-00077,W04,WH_MINAS,316,55,559,111,3,0.4357,6.96,2026-07-13
INV000078,PRD-00078,W03,WH_MINAS,507,64,641,128,6,0.2103,8.03,2026-07-22
INV000079,PRD-00079,W04,WH_BAHIA,293,36,360,72,10,0.1884,4.57,2026-07-25
INV000080,PRD-00080,W03,WH_BAHIA,148,16,167,33,7,0.119,1.6,2026-07-24
INV000081,PRD-00081,W04,WH_BAHIA,111,14,146,29,12,0.2449,1.62,2026-07-08
INV000082,PRD-00082,W01,WH_RIO,182,22,227,45,2,0.2018,3.46,2026-08-02
INV000083,PRD-00083,W03,WH_BAHIA,200,42,426,85,7,0.5316,5.02,2026-07-13
INV000084,PRD-00084,W02,WH_BAHIA,149,21,219,43,13,0.3227,2.94,2026-07-08
INV000085,PRD-00085,W04,WH_BAHIA,185,20,207,41,8,0.1106,3.22,2026-07-15
INV000086,PRD-00086,W01,WH_SAO_PAULO,261,42,424,84,10,0.3859,4.71,2026-07-13
INV000087,PRD-00087,W03,WH_MINAS,175,31,319,63,12,0.4531,3.76,2026-07-23
INV000088,PRD-00088,W03,WH_MINAS,281,40,404,80,2,0.3062,5.14,2026-07-29
INV000089,PRD-00089,W01,WH_BAHIA,340,50,503,100,3,0.3254,5.45,2026-07-21
INV000090,PRD-00090,W02,WH_MINAS,117,28,284,56,3,0.5895,2.77,2026-07-09
INV000091,PRD-00091,W01,WH_SAO_PAULO,177,33,334,66,10,0.4716,4.51,2026-07-10
INV000092,PRD-00092,W01,WH_SAO_PAULO,180,27,275,55,2,0.3478,2.8,2026-07-31
INV000093,PRD-00093,W04,WH_SAO_PAULO,314,36,367,73,13,0.1467,4.48,2026-07-11
INV000094,PRD-00094,W01,WH_RIO,189,33,338,67,12,0.4425,3.79,2026-07-30
INV000095,PRD-00095,W03,WH_RIO,189,42,425,85,3,0.5563,5.82,2026-07-13
INV000096,PRD-00096,W01,WH_BAHIA,373,54,543,108,4,0.3143,6.76,2026-07-19
INV000097,PRD-00097,W04,WH_SAO_PAULO,281,48,485,97,4,0.4218,6.47,2026-08-01
INV000098,PRD-00098,W01,WH_BAHIA,105,19,196,39,12,0.467,2.54,2026-07-20
INV000099,PRD-00099,W03,WH_MINAS,215,30,308,61,4,0.3042,3.93,2026-07-14
INV000100,PRD-00100,W01,WH_RIO,227,26,266,53,4,0.1498,2.74,2026-07-20
INV000101,PRD-00101,W03,WH_RIO,163,32,327,65,3,0.503,3.88,2026-07-23
INV000102,PRD-00102,W02,WH_RIO,399,57,575,115,10,0.3073,6.33,2026-07-29
INV000103,PRD-00103,W02,WH_RIO,163,21,215,43,10,0.2454,2.21,2026-07-08
INV000104,PRD-00104,W01,WH_SAO_PAULO,110,27,271,54,5,0.5956,3.54,2026-07-27
INV000105,PRD-00105,W02,WH_BAHIA,188,34,340,68,2,0.4487,3.42,2026-08-02
INV000106,PRD-00106,W01,WH_MINAS,200,29,296,59,6,0.3266,3.71,2026-07-18
INV000107,PRD-00107,W01,WH_SAO_PAULO,214,25,254,50,5,0.1608,3.85,2026-07-26
INV000108,PRD-00108,W01,WH_BAHIA,202,40,402,80,4,0.4988,4.2,2026-07-22
INV000109,PRD-00109,W02,WH_SAO_PAULO,155,36,362,72,12,0.573,3.99,2026-07-07
INV000110,PRD-00110,W04,WH_BAHIA,114,27,278,55,13,0.5914,3.18,2026-07-08
INV000111,PRD-00111,W04,WH_MINAS,133,17,171,34,3,0.2267,2.38,2026-07-08
INV000112,PRD-00112,W04,WH_BAHIA,236,46,468,93,8,0.4968,5.04,2026-07-07
INV000113,PRD-00113,W03,WH_SAO_PAULO,146,26,265,53,8,0.4511,2.71,2026-07-18
INV000114,PRD-00114,W03,WH_SAO_PAULO,420,74,746,149,3,0.4378,9.7,2026-07-10
INV000115,PRD-00115,W02,WH_MINAS,414,60,603,120,7,0.3146,7.09,2026-08-02
INV000116,PRD-00116,W02,WH_BAHIA,311,50,508,101,6,0.389,5.75,2026-07-09
INV000117,PRD-00117,W02,WH_MINAS,192,47,478,95,9,0.5992,6.28,2026-07-21
INV000118,PRD-00118,W03,WH_MINAS,449,58,580,116,8,0.2272,6.48,2026-07-17
INV000119,PRD-00119,W03,WH_RIO,482,55,550,110,4,0.1252,7.08,2026-07-20
INV000120,PRD-00120,W04,WH_MINAS,266,41,414,82,9,0.359,4.4,2026-07-20
INV000121,PRD-00121,W02,WH_SAO_PAULO,357,44,445,89,8,0.1996,5.94,2026-08-03
INV000122,PRD-00122,W02,WH_BAHIA,342,63,638,127,3,0.4648,8.38,2026-07-07
INV000123,PRD-00123,W03,WH_SAO_PAULO,229,40,406,81,9,0.4373,4.52,2026-07-17
INV000124,PRD-00124,W04,WH_MINAS,135,24,245,49,12,0.4512,3.54,2026-07-22
INV000125,PRD-00125,W04,WH_SAO_PAULO,343,55,551,110,7,0.3786,6.92,2026-07-09
INV000126,PRD-00126,W04,WH_BAHIA,369,45,459,91,7,0.1978,6.11,2026-07-27
INV000127,PRD-00127,W01,WH_MINAS,143,16,161,32,9,0.1173,2.26,2026-08-01
INV000128,PRD-00128,W03,WH_RIO,236,33,332,66,9,0.2913,4.58,2026-08-04
INV000129,PRD-00129,W02,WH_MINAS,186,29,292,58,13,0.3652,3.1,2026-07-09
INV000130,PRD-00130,W01,WH_SAO_PAULO,506,61,619,123,3,0.1839,7.34,2026-07-31
INV000131,PRD-00131,W03,WH_SAO_PAULO,209,32,320,64,4,0.3489,4.33,2026-07-20
INV000132,PRD-00132,W04,WH_MINAS,193,23,237,47,4,0.1891,3.41,2026-07-20
INV000133,PRD-00133,W03,WH_MINAS,427,57,571,114,2,0.2535,6.62,2026-07-16
INV000134,PRD-00134,W02,WH_RIO,117,25,258,51,3,0.5483,2.48,2026-07-30
INV000135,PRD-00135,W02,WH_BAHIA,91,15,159,31,8,0.4313,1.62,2026-08-02
INV000136,PRD-00136,W01,WH_SAO_PAULO,314,44,440,88,3,0.288,5.75,2026-07-07
INV000137,PRD-00137,W02,WH_BAHIA,190,40,406,81,2,0.5332,4.51,2026-08-03
INV000138,PRD-00138,W04,WH_RIO,220,37,378,75,10,0.4195,4.1,2026-07-18
INV000139,PRD-00139,W01,WH_MINAS,265,42,428,85,10,0.3823,4.65,2026-07-28
INV000140,PRD-00140,W02,WH_SAO_PAULO,302,50,506,101,6,0.4043,6.37,2026-07-12
INV000141,PRD-00141,W04,WH_SAO_PAULO,281,42,423,84,6,0.3373,5.61,2026-07-31
INV000142,PRD-00142,W02,WH_BAHIA,227,28,281,56,2,0.195,2.88,2026-07-20
INV000143,PRD-00143,W02,WH_BAHIA,110,21,210,42,6,0.4787,2.82,2026-07-30
INV000144,PRD-00144,W01,WH_SAO_PAULO,90,16,162,32,6,0.4479,2.63,2026-07-20
INV000145,PRD-00145,W01,WH_BAHIA,287,48,489,97,10,0.4143,5.8,2026-07-11
INV000146,PRD-00146,W03,WH_BAHIA,144,32,320,64,7,0.5514,4.42,2026-07-14
INV000147,PRD-00147,W01,WH_RIO,219,27,270,54,12,0.1919,2.65,2026-07-18
INV000148,PRD-00148,W03,WH_SAO_PAULO,127,16,167,33,2,0.244,1.49,2026-08-01
INV000149,PRD-00149,W03,WH_MINAS,159,30,306,61,12,0.4821,3.91,2026-07-08
INV000150,PRD-00150,W03,WH_BAHIA,236,45,458,91,13,0.4858,6.3,2026-07-20
INV000151,PRD-00151,W02,WH_RIO,214,41,416,83,9,0.4868,4.36,2026-07-23
INV000152,PRD-00152,W02,WH_SAO_PAULO,103,23,236,47,2,0.5654,2.81,2026-07-29
INV000153,PRD-00153,W01,WH_MINAS,255,31,317,63,3,0.1981,4.4,2026-07-17
INV000154,PRD-00154,W02,WH_RIO,98,23,236,47,5,0.5865,3.62,2026-07-12
INV000155,PRD-00155,W03,WH_BAHIA,91,16,163,32,7,0.4451,1.64,2026-08-04
INV000156,PRD-00156,W01,WH_BAHIA,571,67,678,135,3,0.1591,7.59,2026-07-15
INV000157,PRD-00157,W01,WH_MINAS,178,26,267,53,13,0.3358,3.94,2026-07-12
INV000158,PRD-00158,W04,WH_BAHIA,473,58,585,117,9,0.1928,6.43,2026-07-28
INV000159,PRD-00159,W01,WH_SAO_PAULO,178,32,323,64,9,0.4506,3.98,2026-07-29
INV000160,PRD-00160,W03,WH_SAO_PAULO,233,47,473,94,8,0.5084,5.32,2026-07-07
INV000161,PRD-00161,W04,WH_RIO,407,48,486,97,4,0.1643,5.63,2026-08-03
INV000162,PRD-00162,W02,WH_BAHIA,320,39,391,78,3,0.1837,4.44,2026-07-19
INV000163,PRD-00163,W03,WH_SAO_PAULO,255,45,458,91,9,0.4444,4.99,2026-07-12
INV000164,PRD-00164,W01,WH_BAHIA,253,46,468,93,3,0.4606,6.29,2026-07-07
INV000165,PRD-00165,W01,WH_SAO_PAULO,224,53,533,106,7,0.5805,5.82,2026-07-17
INV000166,PRD-00166,W01,WH_SAO_PAULO,101,15,159,31,13,0.3688,1.87,2026-07-14
INV000167,PRD-00167,W04,WH_BAHIA,102,25,253,50,2,0.5984,3.6,2026-07-25
INV000168,PRD-00168,W03,WH_MINAS,321,79,790,158,8,0.5942,9.09,2026-07-29
INV000169,PRD-00169,W02,WH_RIO,97,14,149,29,5,0.3533,2.22,2026-07-20
INV000170,PRD-00170,W03,WH_RIO,136,28,285,57,11,0.5245,3.02,2026-07-19
INV000171,PRD-00171,W02,WH_RIO,241,37,371,74,10,0.3522,4.73,2026-07-14
INV000172,PRD-00172,W02,WH_RIO,193,42,421,84,4,0.5427,4.93,2026-07-23
INV000173,PRD-00173,W03,WH_RIO,286,58,582,116,8,0.5094,6.68,2026-07-09
INV000174,PRD-00174,W03,WH_BAHIA,241,41,419,83,8,0.4262,4.92,2026-07-11
INV000175,PRD-00175,W02,WH_MINAS,445,59,591,118,11,0.2483,6.56,2026-07-13
INV000176,PRD-00176,W04,WH_RIO,201,28,284,56,11,0.2947,3.86,2026-08-02
INV000177,PRD-00177,W02,WH_SAO_PAULO,63,12,129,25,10,0.5154,1.65,2026-07-29
INV000178,PRD-00178,W04,WH_MINAS,453,53,538,107,3,0.1596,7.15,2026-07-27
INV000179,PRD-00179,W02,WH_BAHIA,181,32,320,64,7,0.4361,3.68,2026-07-29
INV000180,PRD-00180,W02,WH_BAHIA,184,22,227,45,6,0.193,2.6,2026-07-19
INV000181,PRD-00181,W03,WH_MINAS,405,66,662,132,11,0.3891,8.09,2026-07-24
INV000182,PRD-00182,W01,WH_BAHIA,164,23,235,47,12,0.3051,3.19,2026-07-22
INV000183,PRD-00183,W02,WH_RIO,183,28,289,57,5,0.369,3.55,2026-07-23
INV000184,PRD-00184,W03,WH_BAHIA,216,37,378,75,7,0.4301,3.95,2026-07-10
INV000185,PRD-00185,W02,WH_SAO_PAULO,199,35,358,71,6,0.4457,4.14,2026-07-15
INV000186,PRD-00186,W01,WH_BAHIA,160,27,271,54,9,0.4118,2.87,2026-08-04
INV000187,PRD-00187,W01,WH_SAO_PAULO,217,49,490,98,3,0.558,5.78,2026-07-08
INV000188,PRD-00188,W01,WH_BAHIA,109,23,238,47,2,0.5439,2.33,2026-07-18
INV000189,PRD-00189,W04,WH_RIO,498,56,565,113,12,0.1201,6.45,2026-07-18
INV000190,PRD-00190,W04,WH_RIO,602,71,715,143,2,0.1592,8.18,2026-07-20
INV000191,PRD-00191,W01,WH_RIO,224,40,407,81,2,0.451,4.75,2026-07-19
INV000192,PRD-00192,W04,WH_RIO,188,41,411,82,12,0.5437,5.35,2026-07-12
INV000193,PRD-00193,W04,WH_SAO_PAULO,161,23,234,46,12,0.3149,2.81,2026-07-31
INV000194,PRD-00194,W02,WH_BAHIA,369,82,823,164,11,0.5522,9.82,2026-07-10
INV000195,PRD-00195,W01,WH_RIO,116,21,219,43,6,0.4727,2.21,2026-08-04
INV000196,PRD-00196,W01,WH_BAHIA,329,38,385,77,2,0.1477,4.57,2026-07-12
INV000197,PRD-00197,W03,WH_SAO_PAULO,350,61,614,122,8,0.4309,7.92,2026-07-28
INV000198,PRD-00198,W01,WH_RIO,204,25,256,51,8,0.2062,2.89,2026-08-01
INV000199,PRD-00199,W01,WH_RIO,288,36,360,72,2,0.2022,3.7,2026-07-26
INV000200,PRD-00200,W04,WH_RIO,103,23,239,47,9,0.5708,3.3,2026-07-08
INV000201,PRD-00201,W04,WH_BAHIA,346,48,488,97,8,0.2924,6.28,2026-07-25
INV000202,PRD-00202,W02,WH_MINAS,257,56,564,112,2,0.5451,7.19,2026-07-23
INV000203,PRD-00203,W03,WH_BAHIA,134,22,228,45,5,0.4148,3.11,2026-07-25
INV000204,PRD-00204,W04,WH_RIO,109,15,155,31,2,0.3013,2.51,2026-07-24
INV000205,PRD-00205,W02,WH_BAHIA,78,11,117,23,3,0.339,1.71,2026-07-15
INV000206,PRD-00206,W04,WH_BAHIA,130,25,259,51,3,0.5,2.44,2026-07-13
INV000207,PRD-00207,W03,WH_SAO_PAULO,190,36,366,73,13,0.4823,4.81,2026-07-16
INV000208,PRD-00208,W03,WH_MINAS,480,62,629,125,13,0.2381,7.91,2026-08-01
INV000209,PRD-00209,W03,WH_RIO,247,40,407,81,13,0.3946,5.16,2026-07-30
INV000210,PRD-00210,W04,WH_RIO,227,35,350,70,3,0.3533,4.0,2026-07-09
INV000211,PRD-00211,W01,WH_MINAS,355,50,503,100,9,0.2956,6.05,2026-07-20
INV000212,PRD-00212,W04,WH_MINAS,324,46,469,93,6,0.3106,5.07,2026-07-20
INV000213,PRD-00213,W01,WH_MINAS,184,32,320,64,4,0.4268,3.4,2026-07-13
INV000214,PRD-00214,W01,WH_MINAS,150,19,190,38,4,0.2147,1.88,2026-07-19
INV000215,PRD-00215,W04,WH_SAO_PAULO,346,52,526,105,10,0.3435,6.46,2026-07-28
INV000216,PRD-00216,W01,WH_MINAS,351,40,407,81,8,0.1397,5.62,2026-07-22
INV000217,PRD-00217,W02,WH_BAHIA,139,18,186,37,8,0.2567,1.93,2026-07-27
INV000218,PRD-00218,W01,WH_SAO_PAULO,339,41,419,83,4,0.1929,4.79,2026-07-17
INV000219,PRD-00219,W03,WH_BAHIA,174,27,272,54,11,0.3626,2.82,2026-07-26
INV000220,PRD-00220,W01,WH_BAHIA,470,62,623,124,3,0.2468,7.87,2026-08-03
INV000221,PRD-00221,W02,WH_RIO,112,24,244,48,7,0.5429,2.52,2026-07-17
INV000222,PRD-00222,W01,WH_MINAS,344,53,536,107,13,0.3594,6.48,2026-07-28
INV000223,PRD-00223,W04,WH_SAO_PAULO,357,66,662,132,5,0.4615,7.54,2026-07-16
INV000224,PRD-00224,W04,WH_SAO_PAULO,160,30,303,60,11,0.4737,3.6,2026-07-22
INV000225,PRD-00225,W02,WH_SAO_PAULO,302,36,365,73,7,0.1749,4.52,2026-07-18
INV000226,PRD-00226,W04,WH_BAHIA,192,44,442,88,8,0.5666,5.37,2026-08-04
INV000227,PRD-00227,W02,WH_RIO,311,40,408,81,13,0.2396,4.67,2026-07-26
INV000228,PRD-00228,W02,WH_RIO,153,17,178,35,2,0.1453,2.38,2026-07-30
INV000229,PRD-00229,W02,WH_BAHIA,195,30,304,60,9,0.3607,3.46,2026-07-30
INV000230,PRD-00230,W02,WH_MINAS,400,56,567,113,9,0.2958,6.82,2026-07-18
INV000231,PRD-00231,W01,WH_BAHIA,141,32,324,64,13,0.5662,3.55,2026-07-09
INV000232,PRD-00232,W01,WH_BAHIA,350,66,664,132,11,0.4737,7.36,2026-07-10
INV000233,PRD-00233,W03,WH_RIO,353,55,558,111,10,0.3685,6.08,2026-07-13
INV000234,PRD-00234,W04,WH_MINAS,150,32,328,65,9,0.5441,4.66,2026-08-03
INV000235,PRD-00235,W01,WH_SAO_PAULO,156,29,294,58,3,0.4712,3.76,2026-07-17
INV000236,PRD-00236,W02,WH_RIO,147,21,214,42,9,0.3163,2.79,2026-07-24
INV000237,PRD-00237,W03,WH_BAHIA,112,21,218,43,2,0.4886,3.38,2026-07-10
INV000238,PRD-00238,W01,WH_MINAS,221,32,324,64,9,0.32,3.97,2026-07-26
INV000239,PRD-00239,W01,WH_RIO,196,27,274,54,4,0.2873,2.9,2026-07-09
INV000240,PRD-00240,W01,WH_BAHIA,182,33,338,67,9,0.4631,3.99,2026-07-11
INV000241,PRD-00241,W01,WH_BAHIA,345,53,537,107,6,0.3587,6.0,2026-07-14
INV000242,PRD-00242,W01,WH_MINAS,212,40,405,81,11,0.4778,4.93,2026-07-10
INV000243,PRD-00243,W04,WH_RIO,335,51,511,102,12,0.3457,6.55,2026-07-18
INV000244,PRD-00244,W02,WH_BAHIA,198,33,338,67,3,0.4159,3.38,2026-07-29
INV000245,PRD-00245,W04,WH_BAHIA,350,40,405,81,8,0.1379,5.04,2026-07-08
INV000246,PRD-00246,W03,WH_SAO_PAULO,259,32,324,64,6,0.2031,3.48,2026-07-16
INV000247,PRD-00247,W01,WH_RIO,233,32,328,65,3,0.2918,4.51,2026-07-12
INV000248,PRD-00248,W04,WH_BAHIA,598,70,701,140,4,0.1481,8.17,2026-07-20
INV000249,PRD-00249,W02,WH_SAO_PAULO,136,28,286,57,5,0.5261,3.07,2026-07-10
INV000250,PRD-00250,W03,WH_SAO_PAULO,376,43,432,86,6,0.1316,5.19,2026-07-23
INV000251,PRD-00251,W03,WH_BAHIA,157,25,253,50,8,0.3819,3.77,2026-07-07
INV000252,PRD-00252,W04,WH_BAHIA,615,68,689,137,6,0.1087,8.05,2026-07-24
INV000253,PRD-00253,W01,WH_BAHIA,147,23,236,47,2,0.3797,2.26,2026-07-24
INV000254,PRD-00254,W04,WH_RIO,147,24,245,49,13,0.4024,3.49,2026-07-31
INV000255,PRD-00255,W02,WH_SAO_PAULO,505,56,569,113,8,0.114,7.55,2026-07-20
INV000256,PRD-00256,W03,WH_RIO,360,44,447,89,7,0.1964,5.08,2026-08-04
INV000257,PRD-00257,W01,WH_BAHIA,164,32,324,64,6,0.4954,4.59,2026-07-26
INV000258,PRD-00258,W03,WH_RIO,199,48,480,96,6,0.5863,5.67,2026-07-14
INV000259,PRD-00259,W04,WH_RIO,190,35,352,70,5,0.4618,4.91,2026-07-20
INV000260,PRD-00260,W01,WH_MINAS,220,29,291,58,13,0.2466,3.16,2026-07-31
INV000261,PRD-00261,W01,WH_SAO_PAULO,195,31,317,63,3,0.3868,4.22,2026-07-11
INV000262,PRD-00262,W01,WH_RIO,363,64,646,129,5,0.4389,7.8,2026-07-23
INV000263,PRD-00263,W04,WH_RIO,277,53,532,106,13,0.4803,6.03,2026-08-03
INV000264,PRD-00264,W03,WH_BAHIA,278,43,437,87,11,0.3653,4.73,2026-07-09
INV000265,PRD-00265,W03,WH_RIO,162,38,380,76,11,0.5748,4.87,2026-07-10
INV000266,PRD-00266,W02,WH_MINAS,212,30,304,60,7,0.3049,3.07,2026-07-09
INV000267,PRD-00267,W03,WH_MINAS,179,29,297,59,3,0.3993,4.27,2026-07-28
INV000268,PRD-00268,W03,WH_MINAS,379,52,520,104,9,0.2726,6.01,2026-07-25
INV000269,PRD-00269,W04,WH_SAO_PAULO,126,19,194,38,13,0.3538,2.17,2026-07-11
INV000270,PRD-00270,W03,WH_MINAS,134,16,168,33,5,0.2071,2.73,2026-07-24
INV000271,PRD-00271,W03,WH_RIO,301,47,473,94,2,0.365,5.11,2026-07-11
INV000272,PRD-00272,W04,WH_SAO_PAULO,252,28,281,56,13,0.1064,3.5,2026-07-12
INV000273,PRD-00273,W04,WH_MINAS,433,56,568,113,11,0.239,7.37,2026-07-15
INV000274,PRD-00274,W03,WH_BAHIA,233,54,541,108,6,0.5701,6.4,2026-07-19
INV000275,PRD-00275,W01,WH_MINAS,236,37,373,74,3,0.369,4.04,2026-08-01
INV000276,PRD-00276,W04,WH_MINAS,296,54,541,108,13,0.4539,6.14,2026-07-24
INV000277,PRD-00277,W03,WH_RIO,241,55,551,110,3,0.5634,6.43,2026-07-26
INV000278,PRD-00278,W01,WH_SAO_PAULO,385,61,614,122,8,0.374,8.01,2026-07-26
INV000279,PRD-00279,W03,WH_BAHIA,157,29,298,59,4,0.4749,3.66,2026-08-04
INV000280,PRD-00280,W03,WH_RIO,118,15,156,31,6,0.2484,2.32,2026-07-19
INV000281,PRD-00281,W01,WH_RIO,46,11,113,22,10,0.5965,0.94,2026-07-16
INV000282,PRD-00282,W02,WH_MINAS,380,54,542,108,4,0.3002,6.98,2026-08-04
INV000283,PRD-00283,W04,WH_SAO_PAULO,162,35,356,71,12,0.5462,4.38,2026-07-10
INV000284,PRD-00284,W03,WH_RIO,115,22,220,44,10,0.4796,3.28,2026-07-10
INV000285,PRD-00285,W04,WH_MINAS,251,39,390,78,9,0.3581,5.38,2026-07-16
INV000286,PRD-00286,W02,WH_SAO_PAULO,217,34,348,69,13,0.3782,3.88,2026-07-15
INV000287,PRD-00287,W02,WH_SAO_PAULO,257,37,373,74,4,0.3128,4.38,2026-08-04
INV000288,PRD-00288,W02,WH_SAO_PAULO,229,33,331,66,4,0.3102,3.4,2026-08-02
INV000289,PRD-00289,W01,WH_RIO,380,49,497,99,8,0.2369,5.38,2026-07-24
INV000290,PRD-00290,W01,WH_BAHIA,98,22,222,44,8,0.5605,3.04,2026-07-30
INV000291,PRD-00291,W01,WH_SAO_PAULO,195,34,344,68,8,0.4348,4.62,2026-07-07
INV000292,PRD-00292,W03,WH_BAHIA,216,26,269,53,8,0.2,3.38,2026-07-26
INV000293,PRD-00293,W04,WH_SAO_PAULO,407,46,463,92,2,0.1228,4.89,2026-08-03
INV000294,PRD-00294,W04,WH_MINAS,161,25,259,51,2,0.3808,2.73,2026-07-18
INV000295,PRD-00295,W03,WH_MINAS,107,19,198,39,2,0.4623,3.0,2026-07-28
INV000296,PRD-00296,W02,WH_SAO_PAULO,205,42,425,85,6,0.5188,4.5,2026-08-01
INV000297,PRD-00297,W01,WH_BAHIA,284,40,406,81,4,0.3022,4.33,2026-07-31
INV000298,PRD-00298,W01,WH_MINAS,115,17,176,35,13,0.3503,1.62,2026-07-12
INV000299,PRD-00299,W03,WH_SAO_PAULO,462,57,572,114,2,0.1937,6.69,2026-07-08
INV000300,PRD-00300,W04,WH_BAHIA,215,41,415,83,13,0.4832,5.48,2026-07-14
INV000301,PRD-00301,W01,WH_BAHIA,244,30,306,61,5,0.2052,3.33,2026-07-19
INV000302,PRD-00302,W02,WH_MINAS,106,13,138,27,12,0.2374,0.98,2026-07-29
INV000303,PRD-00303,W02,WH_BAHIA,338,51,516,103,12,0.3462,6.56,2026-07-09
INV000304,PRD-00304,W01,WH_RIO,190,40,405,81,13,0.532,4.84,2026-08-03
INV000305,PRD-00305,W02,WH_BAHIA,269,46,460,92,7,0.4165,5.22,2026-07-27
INV000306,PRD-00306,W02,WH_BAHIA,349,41,419,83,4,0.169,5.77,2026-07-31
INV000307,PRD-00307,W02,WH_BAHIA,105,16,160,32,8,0.3478,2.67,2026-07-11
INV000308,PRD-00308,W02,WH_MINAS,267,31,317,63,7,0.1604,3.51,2026-07-20
INV000309,PRD-00309,W02,WH_MINAS,401,52,523,104,5,0.2347,6.81,2026-07-11
INV000310,PRD-00310,W01,WH_MINAS,106,18,185,37,13,0.4301,2.95,2026-07-24
INV000311,PRD-00311,W02,WH_BAHIA,169,34,341,68,13,0.5058,4.16,2026-08-03
INV000312,PRD-00312,W02,WH_BAHIA,128,20,206,41,11,0.3816,2.96,2026-07-29
INV000313,PRD-00313,W03,WH_MINAS,365,49,493,98,13,0.2611,5.8,2026-07-29
INV000314,PRD-00314,W02,WH_RIO,262,35,355,71,7,0.264,5.05,2026-07-17
INV000315,PRD-00315,W04,WH_MINAS,244,48,484,96,7,0.4969,6.37,2026-07-18
INV000316,PRD-00316,W03,WH_RIO,258,46,466,93,7,0.4475,6.32,2026-08-02
INV000317,PRD-00317,W01,WH_BAHIA,295,68,681,136,2,0.5674,8.41,2026-07-12
INV000318,PRD-00318,W02,WH_MINAS,555,66,662,132,9,0.1629,7.6,2026-07-30
INV000319,PRD-00319,W04,WH_RIO,146,18,188,37,10,0.2275,1.89,2026-07-17
INV000320,PRD-00320,W02,WH_BAHIA,208,44,444,88,9,0.5326,6.07,2026-08-02
INV000321,PRD-00321,W01,WH_BAHIA,441,70,709,141,7,0.3789,8.35,2026-07-12
INV000322,PRD-00322,W04,WH_SAO_PAULO,270,41,414,82,5,0.3494,5.39,2026-07-23
INV000323,PRD-00323,W01,WH_BAHIA,433,74,747,149,9,0.4211,8.62,2026-07-19
INV000324,PRD-00324,W01,WH_SAO_PAULO,244,32,326,65,5,0.2538,3.56,2026-07-08
INV000325,PRD-00325,W02,WH_RIO,412,55,553,110,12,0.2563,7.16,2026-08-02
INV000326,PRD-00326,W04,WH_BAHIA,564,69,699,139,6,0.1943,8.73,2026-07-29
INV000327,PRD-00327,W01,WH_SAO_PAULO,100,23,236,47,13,0.5781,2.93,2026-07-26
INV000328,PRD-00328,W04,WH_RIO,160,33,336,67,4,0.5252,4.05,2026-07-31
INV000329,PRD-00329,W02,WH_MINAS,464,70,704,140,6,0.3418,8.61,2026-07-26
INV000330,PRD-00330,W03,WH_BAHIA,296,39,392,78,12,0.2468,4.68,2026-07-23
INV000331,PRD-00331,W01,WH_MINAS,277,50,500,100,5,0.4471,5.79,2026-07-18
INV000332,PRD-00332,W04,WH_MINAS,342,55,550,110,8,0.3793,7.3,2026-07-25
INV000333,PRD-00333,W03,WH_MINAS,136,28,284,56,7,0.5228,3.17,2026-07-14
INV000334,PRD-00334,W03,WH_BAHIA,364,51,510,102,2,0.2877,6.67,2026-07-31
INV000335,PRD-00335,W01,WH_RIO,351,44,449,89,3,0.22,5.49,2026-07-29
INV000336,PRD-00336,W02,WH_SAO_PAULO,223,27,275,55,6,0.192,3.26,2026-07-26
INV000337,PRD-00337,W03,WH_BAHIA,162,30,305,61,13,0.4706,4.16,2026-08-04
INV000338,PRD-00338,W02,WH_MINAS,319,70,708,141,3,0.5501,9.12,2026-07-23
INV000339,PRD-00339,W03,WH_SAO_PAULO,152,24,241,48,8,0.3719,2.85,2026-07-29
INV000340,PRD-00340,W04,WH_SAO_PAULO,435,53,535,107,12,0.1884,6.2,2026-07-23
INV000341,PRD-00341,W04,WH_MINAS,173,40,408,81,11,0.577,5.55,2026-07-09
INV000342,PRD-00342,W03,WH_BAHIA,328,55,555,111,3,0.4101,7.41,2026-07-10
INV000343,PRD-00343,W03,WH_SAO_PAULO,344,52,527,105,7,0.3485,6.59,2026-07-17
INV000344,PRD-00344,W02,WH_MINAS,233,37,378,75,9,0.3852,4.26,2026-07-16
INV000345,PRD-00345,W02,WH_RIO,207,28,285,57,12,0.2762,3.81,2026-07-15
INV000346,PRD-00346,W02,WH_RIO,395,65,655,131,3,0.3979,7.26,2026-07-25
INV000347,PRD-00347,W03,WH_SAO_PAULO,446,60,603,120,4,0.2616,7.35,2026-07-08
INV000348,PRD-00348,W01,WH_MINAS,375,42,421,84,7,0.1114,5.24,2026-07-17
INV000349,PRD-00349,W02,WH_BAHIA,176,39,394,78,11,0.5544,4.11,2026-08-03
INV000350,PRD-00350,W02,WH_SAO_PAULO,142,22,225,45,11,0.3717,2.42,2026-08-01
INV000351,PRD-00351,W01,WH_MINAS,360,54,544,108,7,0.3394,7.2,2026-08-02
INV000352,PRD-00352,W02,WH_RIO,431,67,675,135,6,0.3624,8.4,2026-07-30
INV000353,PRD-00353,W02,WH_BAHIA,123,22,223,44,6,0.4509,2.17,2026-07-09
INV000354,PRD-00354,W04,WH_SAO_PAULO,108,24,241,48,4,0.5537,3.51,2026-07-23
INV000355,PRD-00355,W03,WH_MINAS,179,28,287,57,6,0.3785,4.05,2026-07-09
INV000356,PRD-00356,W02,WH_RIO,235,29,291,58,12,0.1952,3.0,2026-07-11
INV000357,PRD-00357,W04,WH_SAO_PAULO,314,37,375,75,6,0.1649,4.81,2026-07-30
INV000358,PRD-00358,W03,WH_RIO,161,35,359,71,6,0.5528,4.75,2026-07-16
INV000359,PRD-00359,W02,WH_MINAS,141,21,216,43,3,0.3502,2.41,2026-07-20
INV000360,PRD-00360,W02,WH_RIO,474,68,687,137,11,0.311,8.43,2026-07-20
INV000361,PRD-00361,W01,WH_RIO,201,24,241,48,6,0.1694,2.29,2026-07-13
INV000362,PRD-00362,W01,WH_BAHIA,219,36,367,73,7,0.4049,3.78,2026-07-30
INV000363,PRD-00363,W01,WH_SAO_PAULO,134,26,269,53,10,0.5037,3.06,2026-07-09
INV000364,PRD-00364,W02,WH_SAO_PAULO,324,60,605,121,4,0.4653,6.95,2026-07-08
INV000365,PRD-00365,W03,WH_SAO_PAULO,217,31,315,63,6,0.3133,4.42,2026-07-26
INV000366,PRD-00366,W03,WH_RIO,231,40,402,80,3,0.4268,5.15,2026-07-15
INV000367,PRD-00367,W03,WH_RIO,499,70,704,140,11,0.2922,8.03,2026-07-14
INV000368,PRD-00368,W02,WH_SAO_PAULO,183,32,326,65,11,0.4404,4.14,2026-08-03
INV000369,PRD-00369,W02,WH_MINAS,187,43,430,86,3,0.5661,4.54,2026-07-31
INV000370,PRD-00370,W04,WH_BAHIA,165,25,255,51,5,0.3555,3.32,2026-07-19
INV000371,PRD-00371,W01,WH_BAHIA,224,36,364,72,10,0.3863,3.92,2026-07-22
INV000372,PRD-00372,W04,WH_RIO,383,48,487,97,13,0.2152,5.22,2026-07-23
INV000373,PRD-00373,W03,WH_RIO,111,22,221,44,4,0.5,3.43,2026-08-01
INV000374,PRD-00374,W04,WH_MINAS,282,33,330,66,2,0.148,3.65,2026-07-21
INV000375,PRD-00375,W01,WH_RIO,209,43,437,87,12,0.5228,5.8,2026-07-10
INV000376,PRD-00376,W03,WH_SAO_PAULO,95,17,172,34,4,0.4509,1.62,2026-07-25
INV000377,PRD-00377,W03,WH_SAO_PAULO,261,47,478,95,11,0.4551,5.12,2026-07-29
INV000378,PRD-00378,W03,WH_BAHIA,220,41,419,83,8,0.4762,5.65,2026-08-04
INV000379,PRD-00379,W03,WH_RIO,134,29,297,59,10,0.5503,3.79,2026-08-01
INV000380,PRD-00380,W01,WH_BAHIA,260,38,387,77,13,0.3299,4.73,2026-07-08
INV000381,PRD-00381,W04,WH_RIO,345,70,700,140,7,0.5078,8.21,2026-07-13
INV000382,PRD-00382,W02,WH_MINAS,89,19,197,39,2,0.5505,1.83,2026-07-17
INV000383,PRD-00383,W03,WH_SAO_PAULO,174,37,375,75,5,0.5372,5.06,2026-08-01
INV000384,PRD-00384,W04,WH_BAHIA,291,60,604,120,6,0.519,6.8,2026-07-20
INV000385,PRD-00385,W02,WH_RIO,188,25,259,51,6,0.2769,2.74,2026-07-24
INV000386,PRD-00386,W03,WH_SAO_PAULO,224,31,314,62,7,0.2889,3.33,2026-07-19
INV000387,PRD-00387,W03,WH_MINAS,476,56,563,112,10,0.156,6.7,2026-07-19
INV000388,PRD-00388,W04,WH_BAHIA,182,37,378,75,12,0.5198,4.87,2026-07-10
INV000389,PRD-00389,W03,WH_MINAS,211,28,285,57,5,0.2622,3.13,2026-07-27
INV000390,PRD-00390,W01,WH_RIO,169,21,214,42,5,0.214,2.82,2026-07-29
INV000391,PRD-00391,W04,WH_MINAS,265,52,522,104,6,0.4933,6.72,2026-07-26
INV000392,PRD-00392,W03,WH_SAO_PAULO,464,74,744,148,6,0.3772,9.54,2026-07-27
INV000393,PRD-00393,W04,WH_BAHIA,290,40,408,81,3,0.291,4.6,2026-07-11
INV000394,PRD-00394,W02,WH_RIO,204,51,510,102,10,0.6008,5.81,2026-07-12
INV000395,PRD-00395,W03,WH_SAO_PAULO,235,29,296,59,5,0.2088,3.79,2026-07-11
INV000396,PRD-00396,W03,WH_BAHIA,106,23,238,47,12,0.5565,3.14,2026-07-17
INV000397,PRD-00397,W02,WH_BAHIA,165,19,198,39,7,0.1709,1.71,2026-07-18
INV000398,PRD-00398,W04,WH_RIO,399,46,467,93,10,0.1474,6.12,2026-07-23
INV000399,PRD-00399,W02,WH_SAO_PAULO,323,60,607,121,13,0.4688,6.94,2026-07-28
INV000400,PRD-00400,W04,WH_SAO_PAULO,218,33,336,67,7,0.3531,4.82,2026-07-23
INV000401,PRD-00401,W04,WH_SAO_PAULO,445,50,505,101,4,0.1206,5.52,2026-07-24
INV000402,PRD-00402,W02,WH_SAO_PAULO,287,36,364,72,10,0.2137,4.19,2026-08-02
INV000403,PRD-00403,W01,WH_MINAS,343,48,480,96,8,0.2869,6.55,2026-07-13
INV000404,PRD-00404,W02,WH_SAO_PAULO,138,32,325,65,7,0.5767,3.29,2026-07-24
INV000405,PRD-00405,W04,WH_RIO,115,14,145,29,6,0.2123,1.71,2026-07-24
INV000406,PRD-00406,W04,WH_MINAS,186,26,264,52,10,0.2981,3.6,2026-07-29
INV000407,PRD-00407,W02,WH_MINAS,134,29,291,58,4,0.5411,4.29,2026-07-10
INV000408,PRD-00408,W04,WH_SAO_PAULO,259,36,361,72,7,0.2845,4.83,2026-07-10
INV000409,PRD-00409,W04,WH_SAO_PAULO,385,45,456,91,5,0.1575,5.68,2026-07-29
INV000410,PRD-00410,W02,WH_SAO_PAULO,153,18,180,36,5,0.1547,1.61,2026-07-22
INV000411,PRD-00411,W01,WH_MINAS,150,20,208,41,3,0.2823,2.32,2026-07-07
INV000412,PRD-00412,W04,WH_RIO,193,34,345,69,10,0.4422,4.88,2026-07-17
INV000413,PRD-00413,W01,WH_MINAS,532,64,645,129,6,0.1765,7.56,2026-07-28
INV000414,PRD-00414,W03,WH_BAHIA,324,43,435,87,11,0.2569,5.18,2026-07-17
INV000415,PRD-00415,W02,WH_SAO_PAULO,139,21,211,42,8,0.3443,2.96,2026-08-04
INV000416,PRD-00416,W03,WH_SAO_PAULO,110,17,178,35,8,0.3855,2.02,2026-07-24
INV000417,PRD-00417,W02,WH_BAHIA,186,32,323,64,6,0.4259,4.42,2026-07-10
INV000418,PRD-00418,W03,WH_SAO_PAULO,236,33,339,67,13,0.3059,4.38,2026-07-13
INV000419,PRD-00419,W02,WH_RIO,242,56,569,113,6,0.5754,7.07,2026-07-20
INV000420,PRD-00420,W01,WH_RIO,156,20,209,41,2,0.2571,2.01,2026-08-03
INV000421,PRD-00421,W02,WH_RIO,386,45,450,90,7,0.1441,4.71,2026-07-18
INV000422,PRD-00422,W04,WH_BAHIA,148,21,214,42,11,0.3116,2.0,2026-07-07
INV000423,PRD-00423,W02,WH_RIO,325,62,620,124,7,0.4767,8.18,2026-07-29
INV000424,PRD-00424,W02,WH_RIO,487,56,562,112,4,0.135,6.25,2026-07-29
INV000425,PRD-00425,W01,WH_SAO_PAULO,258,54,545,109,6,0.5275,6.52,2026-07-15
INV000426,PRD-00426,W01,WH_MINAS,303,55,550,110,5,0.4501,6.52,2026-07-23
INV000427,PRD-00427,W02,WH_RIO,266,30,307,61,4,0.1364,3.77,2026-07-26
INV000428,PRD-00428,W02,WH_MINAS,582,65,653,130,2,0.1101,8.21,2026-07-18
INV000429,PRD-00429,W04,WH_BAHIA,301,34,341,68,6,0.1199,4.84,2026-07-11
INV000430,PRD-00430,W01,WH_SAO_PAULO,342,45,452,90,12,0.245,4.73,2026-07-07
INV000431,PRD-00431,W01,WH_SAO_PAULO,560,66,662,132,3,0.1554,7.29,2026-07-20
INV000432,PRD-00432,W03,WH_RIO,148,16,166,33,5,0.1138,2.79,2026-07-10
INV000433,PRD-00433,W03,WH_BAHIA,292,57,578,115,7,0.4957,6.3,2026-07-26
INV000434,PRD-00434,W04,WH_RIO,397,46,461,92,2,0.1407,6.29,2026-07-17
INV000435,PRD-00435,W03,WH_RIO,285,50,501,100,7,0.4323,6.61,2026-07-28
INV000436,PRD-00436,W03,WH_RIO,115,24,244,48,10,0.5306,2.28,2026-07-15
INV000437,PRD-00437,W02,WH_RIO,176,24,248,49,10,0.2932,3.22,2026-07-15
INV000438,PRD-00438,W01,WH_MINAS,295,36,367,73,11,0.1984,3.92,2026-07-13
INV000439,PRD-00439,W04,WH_BAHIA,287,36,366,73,2,0.218,5.06,2026-07-28
INV000440,PRD-00440,W03,WH_BAHIA,171,30,301,60,8,0.4338,4.11,2026-07-12
INV000441,PRD-00441,W03,WH_RIO,415,61,619,123,6,0.3306,7.16,2026-07-25
INV000442,PRD-00442,W03,WH_SAO_PAULO,55,11,112,22,3,0.5133,1.46,2026-08-04
INV000443,PRD-00443,W02,WH_SAO_PAULO,177,33,330,66,4,0.4653,4.7,2026-07-25
INV000444,PRD-00444,W02,WH_BAHIA,89,18,189,37,10,0.5316,1.59,2026-08-03
INV000445,PRD-00445,W01,WH_RIO,471,64,643,128,6,0.2686,8.45,2026-07-15
INV000446,PRD-00446,W03,WH_SAO_PAULO,275,43,438,87,7,0.3736,5.56,2026-07-11
INV000447,PRD-00447,W04,WH_RIO,208,32,320,64,7,0.352,3.64,2026-08-02
INV000448,PRD-00448,W03,WH_SAO_PAULO,160,22,222,44,4,0.2825,2.89,2026-07-11
INV000449,PRD-00449,W03,WH_BAHIA,188,42,427,85,6,0.5607,5.3,2026-07-29
INV000450,PRD-00450,W03,WH_RIO,104,19,199,39,4,0.48,2.63,2026-07-16
INV000451,PRD-00451,W04,WH_BAHIA,284,43,437,87,7,0.3516,5.85,2026-07-12
INV000452,PRD-00452,W04,WH_BAHIA,459,68,682,136,3,0.328,7.89,2026-07-23
INV000453,PRD-00453,W03,WH_SAO_PAULO,536,64,649,129,9,0.1754,7.21,2026-07-24
INV000454,PRD-00454,W02,WH_MINAS,113,24,244,48,3,0.5388,3.17,2026-07-09
INV000455,PRD-00455,W03,WH_BAHIA,544,63,639,127,2,0.15,7.94,2026-07-14
INV000456,PRD-00456,W02,WH_BAHIA,83,14,149,29,3,0.4467,1.28,2026-07-29
INV000457,PRD-00457,W01,WH_BAHIA,198,32,326,65,8,0.3945,3.86,2026-07-10
INV000458,PRD-00458,W03,WH_SAO_PAULO,187,25,250,50,2,0.255,2.43,2026-07-15
INV000459,PRD-00459,W01,WH_MINAS,120,13,139,27,2,0.1429,1.52,2026-07-07
INV000460,PRD-00460,W03,WH_SAO_PAULO,309,51,519,103,8,0.4058,6.05,2026-07-18
INV000461,PRD-00461,W02,WH_SAO_PAULO,367,57,570,114,8,0.3573,6.98,2026-07-27
INV000462,PRD-00462,W01,WH_RIO,316,55,559,111,2,0.4357,7.39,2026-07-30
INV000463,PRD-00463,W01,WH_RIO,312,39,392,78,5,0.2061,4.85,2026-07-26
INV000464,PRD-00464,W01,WH_MINAS,220,42,425,85,12,0.4836,5.57,2026-07-07
INV000465,PRD-00465,W03,WH_SAO_PAULO,446,70,708,141,8,0.3709,8.28,2026-07-10
INV000466,PRD-00466,W02,WH_BAHIA,178,32,327,65,4,0.4573,3.91,2026-07-18
INV000467,PRD-00467,W04,WH_SAO_PAULO,241,42,428,85,10,0.4382,5.19,2026-07-09
INV000468,PRD-00468,W02,WH_SAO_PAULO,224,28,288,57,13,0.2249,3.76,2026-07-30
INV000469,PRD-00469,W02,WH_MINAS,350,57,575,115,2,0.3924,7.3,2026-07-31
INV000470,PRD-00470,W02,WH_MINAS,281,56,561,112,11,0.5,7.27,2026-07-10
INV000471,PRD-00471,W02,WH_MINAS,364,43,435,87,11,0.1651,5.17,2026-07-09
INV000472,PRD-00472,W02,WH_BAHIA,333,39,391,78,2,0.1505,4.77,2026-08-01
INV000473,PRD-00473,W04,WH_BAHIA,176,40,401,80,7,0.5622,5.21,2026-07-09
INV000474,PRD-00474,W02,WH_RIO,367,42,427,85,3,0.1425,5.8,2026-07-27
INV000475,PRD-00475,W04,WH_BAHIA,121,16,167,33,5,0.2798,2.4,2026-07-14
INV000476,PRD-00476,W01,WH_BAHIA,184,43,432,86,4,0.5751,5.07,2026-07-25
INV000477,PRD-00477,W04,WH_MINAS,535,66,668,133,5,0.2003,8.42,2026-07-17
INV000478,PRD-00478,W03,WH_MINAS,127,26,268,53,6,0.5279,2.83,2026-07-07
INV000479,PRD-00479,W02,WH_BAHIA,283,42,423,84,3,0.3325,5.31,2026-07-16
INV000480,PRD-00480,W02,WH_RIO,217,35,359,71,8,0.3972,4.89,2026-07-17
INV000481,PRD-00481,W04,WH_RIO,196,31,310,62,12,0.3698,4.14,2026-07-25
INV000482,PRD-00482,W03,WH_RIO,431,54,545,109,3,0.2106,5.89,2026-07-26
INV000483,PRD-00483,W03,WH_MINAS,208,29,292,58,13,0.2901,3.62,2026-07-15
INV000484,PRD-00484,W04,WH_BAHIA,397,52,521,104,12,0.2395,5.61,2026-07-15
INV000485,PRD-00485,W03,WH_MINAS,319,41,414,82,7,0.2313,5.02,2026-07-16
INV000486,PRD-00486,W02,WH_MINAS,104,18,189,37,6,0.4526,1.95,2026-07-22
INV000487,PRD-00487,W01,WH_MINAS,175,28,281,56,4,0.3794,2.76,2026-07-10
INV000488,PRD-00488,W04,WH_MINAS,213,38,388,77,2,0.4524,4.05,2026-07-25
INV000489,PRD-00489,W02,WH_RIO,139,29,291,58,4,0.524,4.12,2026-07-24
INV000490,PRD-00490,W02,WH_MINAS,176,35,354,70,8,0.5042,4.32,2026-07-29
INV000491,PRD-00491,W02,WH_BAHIA,164,36,362,72,2,0.5482,3.67,2026-07-30
INV000492,PRD-00492,W02,WH_MINAS,156,28,286,57,3,0.4564,2.88,2026-07-12
INV000493,PRD-00493,W02,WH_BAHIA,160,22,223,44,12,0.2857,2.94,2026-07-12
INV000494,PRD-00494,W04,WH_BAHIA,239,45,459,91,10,0.4804,6.24,2026-07-28
INV000495,PRD-00495,W03,WH_SAO_PAULO,80,10,107,21,3,0.2593,1.37,2026-07-26
INV000496,PRD-00496,W01,WH_RIO,144,32,325,65,13,0.5583,3.93,2026-07-22
INV000497,PRD-00497,W04,WH_BAHIA,281,46,468,93,11,0.4009,6.25,2026-07-15
INV000498,PRD-00498,W03,WH_BAHIA,342,57,570,114,6,0.4011,6.3,2026-08-03
INV000499,PRD-00499,W03,WH_MINAS,158,33,333,66,11,0.5269,3.53,2026-08-03
INV000500,PRD-00500,W04,WH_BAHIA,408,70,704,140,8,0.4213,8.3,2026-07-08
INV000501,PRD-00501,W01,WH_RIO,89,21,211,42,7,0.5802,3.32,2026-07-18
INV000502,PRD-00502,W01,WH_MINAS,225,39,391,78,7,0.426,5.37,2026-08-02
INV000503,PRD-00503,W03,WH_RIO,223,34,343,68,11,0.3517,4.69,2026-07-20
INV000504,PRD-00504,W04,WH_MINAS,110,19,191,38,8,0.4271,2.94,2026-07-07
INV000505,PRD-00505,W02,WH_RIO,224,44,442,88,4,0.4944,5.72,2026-07-20
INV000506,PRD-00506,W01,WH_BAHIA,219,36,361,72,11,0.395,3.65,2026-07-22
INV000507,PRD-00507,W03,WH_MINAS,90,20,205,41,8,0.5631,2.2,2026-07-09
INV000508,PRD-00508,W03,WH_BAHIA,179,43,439,87,4,0.5932,4.63,2026-07-08
INV000509,PRD-00509,W03,WH_RIO,121,16,166,33,2,0.2754,2.63,2026-07-17
INV000510,PRD-00510,W03,WH_SAO_PAULO,407,49,494,98,10,0.1778,5.93,2026-07-20
INV000511,PRD-00511,W02,WH_RIO,175,27,270,54,12,0.3542,3.05,2026-07-24
INV000512,PRD-00512,W02,WH_RIO,568,79,791,158,10,0.2828,9.79,2026-07-07
INV000513,PRD-00513,W02,WH_BAHIA,182,27,270,54,8,0.3284,3.7,2026-07-14
INV000514,PRD-00514,W03,WH_RIO,209,35,359,71,13,0.4194,4.43,2026-07-23
INV000515,PRD-00515,W03,WH_SAO_PAULO,299,44,440,88,12,0.322,5.17,2026-07-28
INV000516,PRD-00516,W01,WH_RIO,137,29,293,58,9,0.534,4.27,2026-08-03
INV000517,PRD-00517,W03,WH_MINAS,298,54,542,108,3,0.4512,7.23,2026-07-15
INV000518,PRD-00518,W02,WH_SAO_PAULO,350,39,391,78,4,0.1071,4.53,2026-07-13
INV000519,PRD-00519,W02,WH_RIO,107,14,143,28,7,0.2569,2.19,2026-07-28
INV000520,PRD-00520,W03,WH_SAO_PAULO,76,18,185,37,7,0.5914,2.37,2026-07-31
INV000521,PRD-00521,W04,WH_RIO,336,57,573,114,13,0.4146,7.46,2026-08-04
INV000522,PRD-00522,W04,WH_RIO,246,37,373,74,10,0.3422,4.3,2026-07-19
INV000523,PRD-00523,W01,WH_RIO,256,33,337,67,6,0.2426,3.48,2026-07-30
INV000524,PRD-00524,W01,WH_SAO_PAULO,260,36,367,73,2,0.2935,3.82,2026-07-21
INV000525,PRD-00525,W02,WH_SAO_PAULO,89,20,203,40,2,0.5637,2.21,2026-07-25
INV000526,PRD-00526,W01,WH_SAO_PAULO,207,32,327,65,2,0.3689,4.7,2026-07-14
INV000527,PRD-00527,W01,WH_RIO,193,36,362,72,8,0.4683,3.84,2026-08-04
INV000528,PRD-00528,W04,WH_SAO_PAULO,390,78,789,157,13,0.5063,9.14,2026-07-23
INV000529,PRD-00529,W02,WH_MINAS,257,35,350,70,8,0.2678,4.13,2026-07-20
INV000530,PRD-00530,W01,WH_MINAS,286,34,344,68,9,0.171,4.33,2026-07-07
INV000531,PRD-00531,W03,WH_BAHIA,338,37,376,75,8,0.1034,3.88,2026-07-13
INV000532,PRD-00532,W02,WH_BAHIA,293,37,372,74,11,0.2145,4.58,2026-07-27
INV000533,PRD-00533,W01,WH_MINAS,282,32,329,65,8,0.1455,3.36,2026-07-12
INV000534,PRD-00534,W02,WH_SAO_PAULO,447,52,525,105,3,0.1502,6.48,2026-07-09
INV000535,PRD-00535,W04,WH_MINAS,230,32,322,64,2,0.2879,4.42,2026-07-24
INV000536,PRD-00536,W03,WH_BAHIA,408,57,577,115,12,0.2941,7.02,2026-07-13
INV000537,PRD-00537,W03,WH_SAO_PAULO,255,33,331,66,11,0.2319,4.61,2026-07-31
INV000538,PRD-00538,W03,WH_SAO_PAULO,258,53,531,106,4,0.515,6.05,2026-07-29
INV000539,PRD-00539,W04,WH_MINAS,372,48,486,97,8,0.2361,5.56,2026-07-18
INV000540,PRD-00540,W04,WH_SAO_PAULO,188,30,308,61,5,0.3916,4.13,2026-07-22
INV000541,PRD-00541,W04,WH_BAHIA,89,19,190,38,12,0.534,2.07,2026-07-13
INV000542,PRD-00542,W01,WH_SAO_PAULO,604,70,703,140,12,0.142,8.94,2026-07-18
INV000543,PRD-00543,W01,WH_BAHIA,272,32,326,65,4,0.1682,4.0,2026-07-28
INV000544,PRD-00544,W01,WH_SAO_PAULO,225,40,404,80,10,0.4444,5.27,2026-07-24
INV000545,PRD-00545,W03,WH_SAO_PAULO,132,26,264,52,10,0.5019,2.94,2026-07-20
INV000546,PRD-00546,W01,WH_MINAS,167,28,282,56,3,0.4099,3.88,2026-07-30
INV000547,PRD-00547,W03,WH_BAHIA,515,57,576,115,4,0.1075,6.72,2026-07-12
INV000548,PRD-00548,W02,WH_SAO_PAULO,386,62,626,125,3,0.3844,7.4,2026-07-11
INV000549,PRD-00549,W02,WH_BAHIA,245,46,460,92,7,0.4685,5.93,2026-07-26
INV000550,PRD-00550,W04,WH_SAO_PAULO,294,35,350,70,13,0.1624,4.44,2026-07-16
INV000551,PRD-00551,W01,WH_RIO,326,48,483,96,12,0.3264,6.41,2026-07-14
INV000552,PRD-00552,W04,WH_BAHIA,157,29,295,59,12,0.4696,3.84,2026-07-22
INV000553,PRD-00553,W02,WH_RIO,276,39,397,79,12,0.3065,5.0,2026-08-04
INV000554,PRD-00554,W02,WH_BAHIA,100,23,232,46,3,0.5708,2.16,2026-07-10
INV000555,PRD-00555,W02,WH_MINAS,139,22,226,45,9,0.3877,2.3,2026-07-11
INV000556,PRD-00556,W03,WH_RIO,345,45,454,90,5,0.2418,5.28,2026-07-24
INV000557,PRD-00557,W02,WH_SAO_PAULO,313,42,421,84,12,0.2583,4.77,2026-07-16
INV000558,PRD-00558,W01,WH_BAHIA,307,41,410,82,12,0.253,4.34,2026-07-09
INV000559,PRD-00559,W03,WH_MINAS,284,32,326,65,11,0.1315,3.89,2026-07-30
INV000560,PRD-00560,W02,WH_MINAS,363,41,411,82,3,0.1189,5.37,2026-07-19
INV000561,PRD-00561,W02,WH_BAHIA,124,27,272,54,6,0.5458,3.66,2026-08-02
INV000562,PRD-00562,W03,WH_BAHIA,90,14,141,28,4,0.3662,2.45,2026-07-20
INV000563,PRD-00563,W02,WH_BAHIA,242,37,376,75,12,0.3581,4.45,2026-07-19
INV000564,PRD-00564,W01,WH_RIO,104,19,194,38,8,0.4667,2.25,2026-08-04
INV000565,PRD-00565,W01,WH_SAO_PAULO,303,51,511,102,5,0.4082,6.0,2026-07-11
INV000566,PRD-00566,W02,WH_SAO_PAULO,290,61,615,123,8,0.5292,6.81,2026-07-10
INV000567,PRD-00567,W01,WH_BAHIA,602,73,734,146,4,0.181,9.32,2026-08-01
INV000568,PRD-00568,W01,WH_MINAS,252,37,371,74,4,0.3226,4.79,2026-07-29
INV000569,PRD-00569,W01,WH_BAHIA,131,26,261,52,3,0.5,3.63,2026-07-07
INV000570,PRD-00570,W01,WH_MINAS,207,40,401,80,3,0.4851,4.44,2026-07-11
INV000571,PRD-00571,W03,WH_BAHIA,165,34,347,69,12,0.5259,4.18,2026-07-07
INV000572,PRD-00572,W01,WH_SAO_PAULO,186,37,377,75,2,0.5079,4.92,2026-07-08
INV000573,PRD-00573,W02,WH_BAHIA,467,57,572,114,6,0.185,7.0,2026-07-25
INV000574,PRD-00574,W01,WH_RIO,275,31,319,63,8,0.1406,4.52,2026-07-17
INV000575,PRD-00575,W01,WH_MINAS,257,35,351,70,8,0.2699,4.59,2026-08-01
INV000576,PRD-00576,W01,WH_SAO_PAULO,115,23,234,46,6,0.5106,2.62,2026-07-29
INV000577,PRD-00577,W01,WH_MINAS,317,35,357,71,2,0.1145,4.34,2026-07-18
INV000578,PRD-00578,W03,WH_SAO_PAULO,520,67,675,135,2,0.2308,8.19,2026-07-16
INV000579,PRD-00579,W03,WH_RIO,149,27,274,54,10,0.4582,3.67,2026-07-09
INV000580,PRD-00580,W02,WH_SAO_PAULO,365,54,540,108,5,0.3253,7.22,2026-07-15
INV000581,PRD-00581,W01,WH_SAO_PAULO,236,33,339,67,3,0.3059,4.25,2026-07-31
INV000582,PRD-00582,W02,WH_BAHIA,269,54,545,109,6,0.5073,6.69,2026-07-31
INV000583,PRD-00583,W02,WH_MINAS,295,51,518,103,8,0.4316,5.53,2026-07-22
INV000584,PRD-00584,W01,WH_SAO_PAULO,108,22,224,44,9,0.52,2.4,2026-07-08
INV000585,PRD-00585,W03,WH_SAO_PAULO,442,51,513,102,4,0.1401,6.88,2026-07-21
INV000586,PRD-00586,W02,WH_RIO,154,18,185,37,7,0.172,2.14,2026-07-09
INV000587,PRD-00587,W01,WH_RIO,153,20,202,40,12,0.2463,2.26,2026-07-22
INV000588,PRD-00588,W03,WH_MINAS,180,32,328,65,2,0.4529,4.37,2026-07-20
INV000589,PRD-00589,W04,WH_BAHIA,552,64,646,129,13,0.1468,8.44,2026-07-19
INV000590,PRD-00590,W01,WH_SAO_PAULO,281,45,451,90,8,0.3783,5.26,2026-07-25
INV000591,PRD-00591,W02,WH_RIO,157,23,239,47,11,0.3458,2.37,2026-07-30
INV000592,PRD-00592,W04,WH_MINAS,130,15,153,30,8,0.1558,2.45,2026-07-10
INV000593,PRD-00593,W01,WH_RIO,337,48,480,96,2,0.2994,5.22,2026-07-14
INV000594,PRD-00594,W01,WH_SAO_PAULO,277,37,379,75,11,0.2711,4.15,2026-07-12
INV000595,PRD-00595,W01,WH_RIO,185,40,406,81,7,0.5455,5.35,2026-08-04
INV000596,PRD-00596,W04,WH_RIO,358,44,443,88,13,0.1937,4.72,2026-07-24
INV000597,PRD-00597,W03,WH_MINAS,390,57,576,115,12,0.3241,7.44,2026-08-04
INV000598,PRD-00598,W01,WH_RIO,307,35,355,71,9,0.1376,4.07,2026-07-13
INV000599,PRD-00599,W02,WH_BAHIA,317,60,601,120,3,0.4734,7.65,2026-08-02
INV000600,PRD-00600,W02,WH_MINAS,178,25,254,50,9,0.302,2.75,2026-07-21
INV000601,PRD-00601,W04,WH_RIO,86,16,163,32,7,0.4756,2.29,2026-07-18
INV000602,PRD-00602,W03,WH_RIO,337,54,548,109,3,0.3862,6.36,2026-07-12
INV000603,PRD-00603,W04,WH_RIO,128,20,209,41,12,0.3905,2.2,2026-07-30
INV000604,PRD-00604,W01,WH_MINAS,172,39,399,79,2,0.57,4.96,2026-08-04
INV000605,PRD-00605,W01,WH_BAHIA,511,63,636,127,8,0.1978,7.39,2026-08-01
INV000606,PRD-00606,W02,WH_BAHIA,94,16,167,33,3,0.4405,2.49,2026-08-04
INV000607,PRD-00607,W04,WH_SAO_PAULO,316,43,437,87,12,0.2785,4.64,2026-07-13
INV000608,PRD-00608,W04,WH_SAO_PAULO,133,16,161,32,9,0.179,2.55,2026-08-03
INV000609,PRD-00609,W02,WH_SAO_PAULO,242,36,366,73,2,0.3406,4.83,2026-08-02
INV000610,PRD-00610,W01,WH_SAO_PAULO,63,11,114,22,11,0.4522,1.28,2026-07-26
INV000611,PRD-00611,W03,WH_MINAS,110,19,192,38,5,0.4301,2.81,2026-07-26
INV000612,PRD-00612,W03,WH_RIO,133,26,262,52,11,0.4943,3.56,2026-07-17
INV000613,PRD-00613,W01,WH_RIO,89,15,155,31,11,0.4295,1.61,2026-07-12
INV000614,PRD-00614,W04,WH_MINAS,356,46,462,92,10,0.2311,5.46,2026-07-22
INV000615,PRD-00615,W01,WH_BAHIA,344,42,426,85,6,0.1944,4.78,2026-07-08
INV000616,PRD-00616,W04,WH_SAO_PAULO,554,65,651,130,10,0.1503,7.78,2026-07-18
INV000617,PRD-00617,W03,WH_MINAS,169,20,209,41,10,0.1952,2.05,2026-07-20
INV000618,PRD-00618,W03,WH_BAHIA,196,31,317,63,6,0.3836,3.99,2026-07-17
INV000619,PRD-00619,W03,WH_RIO,77,17,178,35,6,0.5698,1.49,2026-07-10
INV000620,PRD-00620,W04,WH_SAO_PAULO,218,27,276,55,2,0.213,3.91,2026-07-21
INV000621,PRD-00621,W02,WH_MINAS,437,69,695,139,10,0.3721,8.27,2026-07-12
INV000622,PRD-00622,W04,WH_SAO_PAULO,238,49,497,99,10,0.5221,5.53,2026-07-07
INV000623,PRD-00623,W02,WH_BAHIA,106,20,205,41,2,0.4854,2.91,2026-07-27
INV000624,PRD-00624,W01,WH_MINAS,89,13,131,26,11,0.3258,2.37,2026-07-15
INV000625,PRD-00625,W03,WH_MINAS,78,12,127,25,4,0.3906,1.45,2026-07-27
INV000626,PRD-00626,W04,WH_SAO_PAULO,213,46,467,93,8,0.5449,5.05,2026-07-13
INV000627,PRD-00627,W03,WH_SAO_PAULO,228,25,259,51,7,0.1231,3.27,2026-07-27
INV000628,PRD-00628,W01,WH_SAO_PAULO,179,83,838,167,4,0.7867,10.26,2026-07-31
INV000629,PRD-00629,W01,WH_RIO,186,34,343,68,11,0.4593,4.89,2026-08-01
INV000630,PRD-00630,W04,WH_RIO,190,27,270,54,5,0.2989,2.72,2026-07-08
INV000631,PRD-00631,W04,WH_RIO,144,18,180,36,13,0.2044,2.11,2026-07-28
INV000632,PRD-00632,W01,WH_SAO_PAULO,261,54,547,109,3,0.5237,6.76,2026-07-29
INV000633,PRD-00633,W03,WH_SAO_PAULO,171,29,297,59,2,0.4262,3.77,2026-07-08
INV000634,PRD-00634,W02,WH_MINAS,276,36,361,72,10,0.2376,5.05,2026-07-22
INV000635,PRD-00635,W02,WH_MINAS,312,37,379,75,11,0.1789,4.31,2026-08-04
INV000636,PRD-00636,W01,WH_BAHIA,158,34,349,69,2,0.5486,3.87,2026-07-13
INV000637,PRD-00637,W03,WH_SAO_PAULO,271,48,488,97,2,0.4458,5.31,2026-07-22
INV000638,PRD-00638,W02,WH_BAHIA,86,18,189,37,4,0.5474,2.38,2026-07-19
INV000639,PRD-00639,W02,WH_BAHIA,260,33,339,67,6,0.2353,4.22,2026-07-18
INV000640,PRD-00640,W02,WH_MINAS,236,30,300,60,2,0.2159,3.91,2026-07-20
INV000641,PRD-00641,W01,WH_SAO_PAULO,319,50,500,100,5,0.3633,6.12,2026-07-10
INV000642,PRD-00642,W01,WH_RIO,470,56,567,113,8,0.1725,7.31,2026-08-03
INV000643,PRD-00643,W02,WH_RIO,201,22,227,45,7,0.1184,2.39,2026-08-03
INV000644,PRD-00644,W04,WH_BAHIA,331,50,503,100,2,0.3433,5.95,2026-07-20
INV000645,PRD-00645,W03,WH_SAO_PAULO,156,18,189,37,13,0.1789,2.95,2026-07-22
INV000646,PRD-00646,W03,WH_MINAS,201,34,347,69,7,0.4224,4.4,2026-07-15
INV000647,PRD-00647,W04,WH_SAO_PAULO,198,36,364,72,3,0.4575,3.92,2026-07-26
INV000648,PRD-00648,W02,WH_SAO_PAULO,428,55,554,110,4,0.2288,7.22,2026-07-13
INV000649,PRD-00649,W01,WH_RIO,305,48,489,97,5,0.3776,5.51,2026-07-20
INV000650,PRD-00650,W03,WH_SAO_PAULO,116,19,197,39,4,0.4141,1.7,2026-07-07
INV000651,PRD-00651,W02,WH_SAO_PAULO,344,48,482,96,9,0.2878,6.04,2026-07-29
INV000652,PRD-00652,W02,WH_SAO_PAULO,173,39,397,79,4,0.5653,5.3,2026-07-26
INV000653,PRD-00653,W03,WH_MINAS,459,69,690,138,10,0.3357,7.85,2026-07-20
INV000654,PRD-00654,W01,WH_MINAS,131,27,276,55,10,0.5271,2.74,2026-07-15
INV000655,PRD-00655,W02,WH_BAHIA,178,31,314,62,12,0.4349,3.72,2026-08-03
INV000656,PRD-00656,W02,WH_BAHIA,353,72,720,144,11,0.5104,8.34,2026-07-27
INV000657,PRD-00657,W02,WH_MINAS,237,58,587,117,5,0.5969,7.05,2026-07-26
INV000658,PRD-00658,W02,WH_RIO,78,19,196,39,13,0.6041,2.19,2026-07-20
INV000659,PRD-00659,W03,WH_SAO_PAULO,223,34,349,69,10,0.3629,4.85,2026-07-18
INV000660,PRD-00660,W02,WH_RIO,360,44,441,88,2,0.1855,5.94,2026-07-10
INV000661,PRD-00661,W02,WH_BAHIA,228,50,500,100,3,0.5449,5.94,2026-07-07
INV000662,PRD-00662,W04,WH_BAHIA,108,21,217,43,4,0.5046,2.31,2026-07-14
INV000663,PRD-00663,W01,WH_RIO,338,65,657,131,4,0.4863,7.75,2026-07-15
INV000664,PRD-00664,W04,WH_MINAS,70,16,162,32,5,0.5706,1.58,2026-07-21
INV000665,PRD-00665,W04,WH_BAHIA,130,22,222,44,5,0.417,3.34,2026-07-28
INV000666,PRD-00666,W02,WH_BAHIA,283,63,630,126,12,0.5515,7.18,2026-07-16
INV000667,PRD-00667,W03,WH_SAO_PAULO,310,37,370,74,10,0.1644,4.33,2026-07-27
INV000668,PRD-00668,W04,WH_RIO,282,37,377,75,7,0.254,4.81,2026-07-29
INV000669,PRD-00669,W03,WH_BAHIA,246,40,401,80,4,0.3881,4.78,2026-07-23
INV000670,PRD-00670,W01,WH_RIO,134,24,240,48,11,0.444,3.32,2026-07-23
INV000671,PRD-00671,W01,WH_RIO,139,17,173,34,5,0.2011,1.49,2026-08-04
INV000672,PRD-00672,W02,WH_RIO,335,42,429,85,12,0.2209,5.91,2026-07-20
INV000673,PRD-00673,W04,WH_MINAS,356,45,459,91,9,0.2261,4.96,2026-07-07
INV000674,PRD-00674,W04,WH_RIO,331,40,409,81,12,0.1927,5.23,2026-07-25
INV000675,PRD-00675,W02,WH_SAO_PAULO,183,28,280,56,12,0.3488,4.06,2026-07-18
INV000676,PRD-00676,W02,WH_MINAS,115,21,210,42,2,0.455,3.1,2026-07-21
INV000677,PRD-00677,W04,WH_RIO,207,32,326,65,7,0.367,4.19,2026-07-11
INV000678,PRD-00678,W03,WH_SAO_PAULO,496,73,738,147,10,0.3288,8.7,2026-07-12
INV000679,PRD-00679,W02,WH_RIO,143,34,343,68,5,0.5843,4.5,2026-07-11
INV000680,PRD-00680,W02,WH_SAO_PAULO,257,31,315,63,8,0.1867,4.41,2026-07-07
INV000681,PRD-00681,W04,WH_RIO,221,34,348,69,5,0.3668,4.69,2026-08-04
INV000682,PRD-00682,W02,WH_RIO,175,33,337,67,5,0.4822,4.22,2026-07-27
INV000683,PRD-00683,W02,WH_SAO_PAULO,396,63,631,126,8,0.3734,7.82,2026-07-09
INV000684,PRD-00684,W03,WH_SAO_PAULO,358,49,490,98,6,0.2709,6.34,2026-07-11
INV000685,PRD-00685,W03,WH_MINAS,159,26,269,53,6,0.4111,2.69,2026-07-16
INV000686,PRD-00686,W01,WH_RIO,159,30,304,60,10,0.4787,3.37,2026-08-03
INV000687,PRD-00687,W03,WH_SAO_PAULO,267,35,354,70,10,0.2479,4.91,2026-07-09
INV000688,PRD-00688,W04,WH_SAO_PAULO,224,38,389,77,7,0.4256,5.08,2026-07-18
INV000689,PRD-00689,W01,WH_SAO_PAULO,211,24,240,48,9,0.1245,2.79,2026-07-21
INV000690,PRD-00690,W02,WH_BAHIA,120,28,288,57,2,0.5848,2.77,2026-07-17
INV000691,PRD-00691,W02,WH_BAHIA,487,66,665,133,5,0.2688,8.24,2026-07-23
INV000692,PRD-00692,W04,WH_RIO,401,64,644,128,3,0.3783,8.52,2026-07-20
INV000693,PRD-00693,W04,WH_SAO_PAULO,205,30,307,61,13,0.3344,3.88,2026-07-25
INV000694,PRD-00694,W02,WH_RIO,211,29,293,58,10,0.2823,3.86,2026-07-19
INV000695,PRD-00695,W01,WH_SAO_PAULO,391,49,491,98,12,0.2053,6.52,2026-07-31
INV000696,PRD-00696,W03,WH_MINAS,84,15,154,30,10,0.4581,1.89,2026-07-18
INV000697,PRD-00697,W02,WH_RIO,517,61,613,122,2,0.158,7.26,2026-07-11
INV000698,PRD-00698,W02,WH_MINAS,233,26,268,53,13,0.1338,3.17,2026-07-07
INV000699,PRD-00699,W03,WH_MINAS,209,44,449,89,4,0.5356,5.28,2026-08-03
INV000700,PRD-00700,W03,WH_MINAS,78,16,164,32,2,0.5273,1.3,2026-07-13
INV000701,PRD-00701,W03,WH_SAO_PAULO,355,49,499,99,11,0.29,6.5,2026-08-01
INV000702,PRD-00702,W04,WH_SAO_PAULO,316,46,460,92,2,0.3145,5.68,2026-07-29
INV000703,PRD-00703,W04,WH_BAHIA,247,43,436,87,13,0.4348,4.99,2026-07-17
INV000704,PRD-00704,W04,WH_MINAS,92,22,225,45,12,0.5929,2.43,2026-07-26
INV000705,PRD-00705,W04,WH_SAO_PAULO,126,28,286,57,5,0.561,3.87,2026-08-04
INV000706,PRD-00706,W04,WH_RIO,189,40,409,81,6,0.539,5.46,2026-07-18
INV000707,PRD-00707,W03,WH_SAO_PAULO,189,26,261,52,7,0.2786,2.45,2026-07-15
INV000708,PRD-00708,W03,WH_RIO,230,25,256,51,7,0.1051,2.76,2026-07-29
INV000709,PRD-00709,W02,WH_RIO,243,58,589,117,8,0.5881,7.46,2026-07-31
INV000710,PRD-00710,W02,WH_MINAS,120,14,140,28,6,0.1489,1.76,2026-07-12
INV000711,PRD-00711,W03,WH_SAO_PAULO,333,60,601,120,8,0.4468,7.55,2026-07-08
INV000712,PRD-00712,W01,WH_SAO_PAULO,102,22,225,45,9,0.5487,2.81,2026-07-12
INV000713,PRD-00713,W02,WH_RIO,330,47,478,95,2,0.3111,5.15,2026-07-19
INV000714,PRD-00714,W02,WH_MINAS,269,42,422,84,3,0.3641,4.79,2026-07-10
INV000715,PRD-00715,W02,WH_MINAS,149,22,221,44,8,0.3288,2.69,2026-07-26
INV000716,PRD-00716,W01,WH_SAO_PAULO,226,26,264,52,8,0.1472,3.58,2026-07-10
INV000717,PRD-00717,W01,WH_SAO_PAULO,454,52,521,104,5,0.1303,5.62,2026-07-11
INV000718,PRD-00718,W04,WH_BAHIA,245,32,323,64,7,0.2438,3.94,2026-07-15
INV000719,PRD-00719,W04,WH_MINAS,294,84,847,169,2,0.6533,9.83,2026-07-15
INV000720,PRD-00720,W04,WH_MINAS,233,27,276,55,4,0.1588,3.4,2026-07-21
INV000721,PRD-00721,W01,WH_SAO_PAULO,205,26,269,53,5,0.2407,3.63,2026-07-10
INV000722,PRD-00722,W01,WH_MINAS,167,20,201,40,4,0.1733,2.78,2026-07-09
INV000723,PRD-00723,W03,WH_RIO,181,25,255,51,13,0.293,2.78,2026-07-07
INV000724,PRD-00724,W04,WH_MINAS,225,35,351,70,4,0.3608,4.73,2026-07-10
INV000725,PRD-00725,W02,WH_SAO_PAULO,357,79,798,159,13,0.5532,9.87,2026-07-18
INV000726,PRD-00726,W02,WH_SAO_PAULO,132,26,262,52,2,0.4981,3.93,2026-07-23
INV000727,PRD-00727,W01,WH_BAHIA,106,13,135,27,11,0.2206,1.65,2026-08-02
INV000728,PRD-00728,W01,WH_SAO_PAULO,199,28,286,57,2,0.3066,3.12,2026-07-28
INV000729,PRD-00729,W01,WH_RIO,258,38,380,76,7,0.3228,5.0,2026-07-20
INV000730,PRD-00730,W03,WH_BAHIA,486,60,603,120,10,0.1954,6.88,2026-07-21
INV000731,PRD-00731,W02,WH_MINAS,337,39,390,78,9,0.1381,4.94,2026-07-29
INV000732,PRD-00732,W02,WH_SAO_PAULO,206,31,313,62,10,0.3439,3.5,2026-07-31
INV000733,PRD-00733,W03,WH_MINAS,144,27,274,54,5,0.4764,3.78,2026-07-12
INV000734,PRD-00734,W03,WH_BAHIA,424,49,499,99,9,0.152,6.57,2026-07-27
INV000735,PRD-00735,W03,WH_SAO_PAULO,257,36,365,73,10,0.2978,3.84,2026-07-29
INV000736,PRD-00736,W01,WH_MINAS,429,50,502,100,12,0.1471,6.14,2026-07-10
INV000737,PRD-00737,W04,WH_SAO_PAULO,173,20,205,41,10,0.1602,2.58,2026-07-19
INV000738,PRD-00738,W02,WH_MINAS,252,28,289,57,2,0.131,3.44,2026-07-08
INV000739,PRD-00739,W03,WH_MINAS,246,45,454,90,13,0.4593,5.47,2026-08-02
INV000740,PRD-00740,W02,WH_RIO,133,17,178,35,10,0.257,2.09,2026-07-12
INV000741,PRD-00741,W04,WH_MINAS,176,22,223,44,5,0.2143,2.78,2026-07-09
INV000742,PRD-00742,W02,WH_MINAS,277,34,341,68,8,0.1901,4.69,2026-07-10
INV000743,PRD-00743,W04,WH_SAO_PAULO,275,56,568,113,10,0.5167,7.5,2026-07-18
INV000744,PRD-00744,W03,WH_RIO,561,64,649,129,12,0.1369,7.92,2026-08-01
INV000745,PRD-00745,W02,WH_BAHIA,206,23,232,46,6,0.1159,2.75,2026-07-25
INV000746,PRD-00746,W01,WH_RIO,224,39,398,79,7,0.4386,4.09,2026-07-12
INV000747,PRD-00747,W01,WH_MINAS,474,61,614,122,12,0.2293,7.26,2026-07-22
INV000748,PRD-00748,W02,WH_SAO_PAULO,311,50,500,100,11,0.3792,6.76,2026-08-03
INV000749,PRD-00749,W02,WH_BAHIA,181,38,384,76,11,0.5299,5.22,2026-07-15
INV000750,PRD-00750,W01,WH_SAO_PAULO,186,41,417,83,2,0.555,5.17,2026-07-10
INV000751,PRD-00751,W04,WH_SAO_PAULO,107,23,238,47,6,0.5523,2.47,2026-07-11
INV000752,PRD-00752,W04,WH_SAO_PAULO,201,30,300,60,9,0.3322,4.18,2026-07-31
INV000753,PRD-00753,W02,WH_SAO_PAULO,300,34,341,68,2,0.1228,4.14,2026-07-26
INV000754,PRD-00754,W01,WH_MINAS,292,32,329,65,13,0.1152,3.78,2026-07-18
INV000755,PRD-00755,W04,WH_SAO_PAULO,226,31,315,63,13,0.2848,3.53,2026-07-07
INV000756,PRD-00756,W04,WH_BAHIA,188,22,223,44,5,0.1607,2.36,2026-07-25
INV000757,PRD-00757,W04,WH_SAO_PAULO,338,61,616,123,3,0.4522,6.92,2026-07-26
INV000758,PRD-00758,W04,WH_MINAS,240,36,362,72,8,0.3388,3.66,2026-07-12
INV000759,PRD-00759,W02,WH_BAHIA,295,33,330,66,3,0.1088,3.94,2026-07-12
INV000760,PRD-00760,W04,WH_SAO_PAULO,162,19,195,39,10,0.1735,2.26,2026-07-21
INV000761,PRD-00761,W03,WH_RIO,190,44,440,88,11,0.5692,5.58,2026-07-09
INV000762,PRD-00762,W03,WH_BAHIA,114,25,256,51,10,0.5564,2.67,2026-08-02
INV000763,PRD-00763,W02,WH_SAO_PAULO,172,26,262,52,11,0.346,3.62,2026-08-01
INV000764,PRD-00764,W03,WH_SAO_PAULO,157,29,294,58,12,0.4678,4.25,2026-08-01
INV000765,PRD-00765,W03,WH_MINAS,397,48,488,97,2,0.1881,5.94,2026-08-02
INV000766,PRD-00766,W02,WH_SAO_PAULO,266,42,424,84,12,0.3741,5.55,2026-07-09
INV000767,PRD-00767,W01,WH_MINAS,88,15,156,31,5,0.4395,1.43,2026-07-15
INV000768,PRD-00768,W04,WH_MINAS,293,60,606,121,11,0.5173,6.85,2026-07-10
INV000769,PRD-00769,W02,WH_MINAS,201,40,404,80,9,0.5037,4.56,2026-07-24
INV000770,PRD-00770,W01,WH_RIO,266,39,397,79,2,0.3317,5.16,2026-07-15
INV000771,PRD-00771,W01,WH_MINAS,152,23,236,47,12,0.3586,3.15,2026-07-24
INV000772,PRD-00772,W02,WH_RIO,301,54,549,109,10,0.4527,6.28,2026-07-12
INV000773,PRD-00773,W04,WH_SAO_PAULO,232,35,351,70,4,0.3409,4.55,2026-07-17
INV000774,PRD-00774,W04,WH_RIO,165,26,269,53,3,0.3889,3.8,2026-08-03
INV000775,PRD-00775,W03,WH_MINAS,133,18,180,36,2,0.2652,2.8,2026-07-25
INV000776,PRD-00776,W04,WH_MINAS,180,33,332,66,13,0.4595,4.4,2026-07-20
INV000777,PRD-00777,W03,WH_RIO,281,58,584,116,7,0.5197,7.34,2026-07-27
INV000778,PRD-00778,W03,WH_BAHIA,116,26,269,53,8,0.5704,3.24,2026-07-31
INV000779,PRD-00779,W03,WH_BAHIA,120,17,174,34,4,0.3143,2.85,2026-07-13
INV000780,PRD-00780,W03,WH_RIO,124,28,285,57,5,0.5664,3.39,2026-07-24
INV000781,PRD-00781,W03,WH_SAO_PAULO,175,26,267,53,5,0.347,3.33,2026-07-16
INV000782,PRD-00782,W01,WH_BAHIA,206,37,376,75,11,0.4536,4.74,2026-07-21
INV000783,PRD-00783,W02,WH_BAHIA,171,23,230,46,6,0.2597,2.29,2026-07-15
INV000784,PRD-00784,W01,WH_BAHIA,148,25,254,50,4,0.4196,2.43,2026-07-26
INV000785,PRD-00785,W02,WH_SAO_PAULO,138,18,189,37,4,0.2737,1.85,2026-07-10
INV000786,PRD-00786,W04,WH_SAO_PAULO,225,44,446,89,4,0.4966,5.44,2026-07-17
INV000787,PRD-00787,W01,WH_BAHIA,135,26,264,52,11,0.4906,3.64,2026-07-19
INV000788,PRD-00788,W03,WH_SAO_PAULO,114,24,245,49,7,0.5366,3.4,2026-07-13
INV000789,PRD-00789,W03,WH_BAHIA,373,55,551,110,6,0.3243,7.16,2026-07-15
INV000790,PRD-00790,W02,WH_MINAS,532,62,629,125,7,0.1556,7.76,2026-07-27
INV000791,PRD-00791,W03,WH_BAHIA,213,47,477,95,4,0.5544,5.63,2026-07-07
INV000792,PRD-00792,W02,WH_SAO_PAULO,334,59,597,119,7,0.4415,7.02,2026-07-11
INV000793,PRD-00793,W04,WH_BAHIA,219,52,523,104,2,0.5821,6.15,2026-07-19
INV000794,PRD-00794,W03,WH_RIO,259,31,317,63,8,0.1855,3.61,2026-07-07
INV000795,PRD-00795,W03,WH_BAHIA,116,20,205,41,10,0.4369,2.64,2026-08-04
INV000796,PRD-00796,W02,WH_BAHIA,179,27,277,55,11,0.3561,3.44,2026-07-23
INV000797,PRD-00797,W02,WH_BAHIA,159,25,256,51,3,0.3813,3.46,2026-07-17
INV000798,PRD-00798,W04,WH_SAO_PAULO,296,45,458,91,2,0.3551,6.12,2026-07-12
INV000799,PRD-00799,W03,WH_SAO_PAULO,297,33,338,67,13,0.1239,4.76,2026-07-14
INV000800,PRD-00800,W03,WH_RIO,107,14,144,28,13,0.2621,2.32,2026-07-12
INV000801,PRD-00801,W01,WH_SAO_PAULO,194,27,277,55,2,0.3022,2.95,2026-07-28
INV000802,PRD-00802,W04,WH_RIO,109,18,181,36,6,0.4011,1.66,2026-07-31
INV000803,PRD-00803,W02,WH_RIO,265,33,333,66,2,0.2066,3.92,2026-07-14
INV000804,PRD-00804,W01,WH_SAO_PAULO,468,55,556,111,9,0.1598,7.23,2026-07-15
INV000805,PRD-00805,W04,WH_MINAS,135,21,210,42,11,0.3602,2.75,2026-07-16
INV000806,PRD-00806,W01,WH_RIO,420,62,624,124,10,0.328,6.87,2026-07-17
INV000807,PRD-00807,W02,WH_MINAS,265,34,349,69,9,0.2429,4.89,2026-07-07
INV000808,PRD-00808,W01,WH_RIO,322,45,457,91,9,0.2969,6.06,2026-08-03
INV000809,PRD-00809,W03,WH_SAO_PAULO,127,24,241,48,4,0.4752,3.45,2026-07-14
INV000810,PRD-00810,W04,WH_BAHIA,231,35,356,71,6,0.3529,4.76,2026-07-16
INV000811,PRD-00811,W01,WH_SAO_PAULO,506,62,623,124,10,0.1891,7.08,2026-08-03
INV000812,PRD-00812,W04,WH_RIO,456,58,581,116,10,0.2165,6.53,2026-07-30
INV000813,PRD-00813,W01,WH_RIO,228,36,363,72,5,0.3736,4.91,2026-08-02
INV000814,PRD-00814,W02,WH_RIO,146,32,323,64,9,0.5494,4.18,2026-07-28
INV000815,PRD-00815,W01,WH_SAO_PAULO,250,37,376,75,10,0.3369,4.1,2026-07-23
INV000816,PRD-00816,W04,WH_RIO,217,42,421,84,9,0.4858,4.4,2026-07-31
INV000817,PRD-00817,W01,WH_MINAS,300,65,657,131,8,0.5441,7.78,2026-07-25
INV000818,PRD-00818,W04,WH_SAO_PAULO,225,26,262,52,7,0.1445,3.55,2026-08-03
INV000819,PRD-00819,W04,WH_BAHIA,148,25,254,50,2,0.4196,3.48,2026-08-01
INV000820,PRD-00820,W01,WH_MINAS,213,30,309,61,12,0.3129,4.07,2026-07-20
INV000821,PRD-00821,W02,WH_SAO_PAULO,120,20,206,41,10,0.4203,1.96,2026-07-19
INV000822,PRD-00822,W01,WH_BAHIA,299,46,464,92,3,0.357,6.11,2026-08-04
INV000823,PRD-00823,W02,WH_SAO_PAULO,73,16,169,33,8,0.5706,1.41,2026-07-20
INV000824,PRD-00824,W02,WH_SAO_PAULO,571,67,675,135,4,0.1553,8.62,2026-07-28
INV000825,PRD-00825,W01,WH_RIO,154,38,381,76,6,0.5969,4.34,2026-07-17
INV000826,PRD-00826,W01,WH_MINAS,233,47,479,95,2,0.5146,6.42,2026-07-07
INV000827,PRD-00827,W04,WH_MINAS,106,14,145,29,7,0.274,2.26,2026-07-22
INV000828,PRD-00828,W03,WH_BAHIA,272,49,490,98,10,0.446,6.45,2026-07-14
INV000829,PRD-00829,W04,WH_SAO_PAULO,222,42,425,85,13,0.4789,5.53,2026-07-09
INV000830,PRD-00830,W04,WH_BAHIA,275,44,445,89,6,0.3834,4.78,2026-08-02
INV000831,PRD-00831,W01,WH_RIO,251,33,337,67,3,0.2574,3.9,2026-07-27
INV000832,PRD-00832,W02,WH_SAO_PAULO,324,52,524,104,8,0.3829,6.46,2026-07-23
INV000833,PRD-00833,W02,WH_RIO,159,22,228,45,4,0.3057,3.3,2026-08-02
INV000834,PRD-00834,W02,WH_RIO,181,42,429,85,8,0.5791,5.29,2026-07-26
INV000835,PRD-00835,W04,WH_SAO_PAULO,103,16,166,33,3,0.3832,1.83,2026-07-31
INV000836,PRD-00836,W04,WH_SAO_PAULO,98,20,205,41,8,0.5243,1.95,2026-07-19
INV000837,PRD-00837,W02,WH_BAHIA,355,63,635,127,9,0.4418,6.96,2026-07-09
INV000838,PRD-00838,W01,WH_BAHIA,113,25,259,51,12,0.5654,3.63,2026-07-24
INV000839,PRD-00839,W01,WH_MINAS,168,22,222,44,10,0.2466,2.94,2026-07-29
INV000840,PRD-00840,W03,WH_SAO_PAULO,312,40,409,81,6,0.239,4.97,2026-07-27
INV000841,PRD-00841,W03,WH_BAHIA,441,60,600,120,6,0.2662,7.55,2026-07-20
INV000842,PRD-00842,W01,WH_SAO_PAULO,177,29,292,58,9,0.3959,3.6,2026-07-12
INV000843,PRD-00843,W02,WH_MINAS,511,77,779,155,2,0.3449,10.1,2026-07-23
INV000844,PRD-00844,W04,WH_MINAS,141,26,265,53,4,0.4699,3.28,2026-08-02
INV000845,PRD-00845,W03,WH_SAO_PAULO,369,54,545,109,8,0.3242,6.25,2026-07-25
INV000846,PRD-00846,W02,WH_BAHIA,215,38,387,77,2,0.4459,4.8,2026-07-08
INV000847,PRD-00847,W03,WH_MINAS,256,30,305,61,5,0.1634,3.84,2026-08-04
INV000848,PRD-00848,W03,WH_SAO_PAULO,337,45,456,91,11,0.2626,6.13,2026-08-04
INV000849,PRD-00849,W01,WH_SAO_PAULO,100,18,187,37,6,0.4681,1.6,2026-07-13
INV000850,PRD-00850,W04,WH_MINAS,194,33,337,67,5,0.426,3.87,2026-07-14
INV000851,PRD-00851,W03,WH_MINAS,243,31,312,62,10,0.2236,3.1,2026-07-22
INV000852,PRD-00852,W02,WH_RIO,270,43,438,87,11,0.385,4.67,2026-07-31
INV000853,PRD-00853,W02,WH_RIO,184,39,390,78,3,0.5294,4.63,2026-07-23
INV000854,PRD-00854,W04,WH_MINAS,191,44,447,89,2,0.5737,4.68,2026-07-14
INV000855,PRD-00855,W02,WH_BAHIA,356,52,522,104,7,0.3193,5.71,2026-07-25
INV000856,PRD-00856,W03,WH_MINAS,257,34,342,68,13,0.2507,4.2,2026-08-01
INV000857,PRD-00857,W01,WH_RIO,353,40,402,80,3,0.1241,4.26,2026-07-30
INV000858,PRD-00858,W02,WH_MINAS,455,66,668,133,4,0.3199,8.32,2026-07-22
INV000859,PRD-00859,W04,WH_SAO_PAULO,189,39,393,78,9,0.5203,5.13,2026-07-12
INV000860,PRD-00860,W02,WH_SAO_PAULO,301,33,337,67,3,0.1095,3.6,2026-07-24
INV000861,PRD-00861,W02,WH_SAO_PAULO,217,53,534,106,5,0.5944,5.96,2026-07-27
INV000862,PRD-00862,W03,WH_BAHIA,280,34,347,69,7,0.1954,3.84,2026-07-07
INV000863,PRD-00863,W01,WH_SAO_PAULO,507,69,691,138,3,0.2673,8.94,2026-07-16
INV000864,PRD-00864,W04,WH_BAHIA,241,59,594,118,8,0.595,7.83,2026-07-07
INV000865,PRD-00865,W01,WH_RIO,213,29,292,58,7,0.273,3.38,2026-07-11
INV000866,PRD-00866,W03,WH_RIO,228,31,315,63,7,0.2785,4.15,2026-08-04
INV000867,PRD-00867,W01,WH_RIO,304,55,554,110,4,0.4523,6.0,2026-07-17
INV000868,PRD-00868,W02,WH_MINAS,380,53,532,106,11,0.2871,6.37,2026-07-28
INV000869,PRD-00869,W04,WH_BAHIA,311,57,572,114,9,0.4572,6.61,2026-07-13
INV000870,PRD-00870,W02,WH_SAO_PAULO,201,35,353,70,6,0.4322,4.42,2026-07-17
INV000871,PRD-00871,W01,WH_BAHIA,204,38,385,77,11,0.4715,4.91,2026-07-16
INV000872,PRD-00872,W04,WH_RIO,166,33,331,66,7,0.5,3.53,2026-07-24
INV000873,PRD-00873,W01,WH_BAHIA,164,33,333,66,9,0.509,3.98,2026-07-26
INV000874,PRD-00874,W04,WH_SAO_PAULO,149,26,269,53,6,0.4481,4.02,2026-07-08
INV000875,PRD-00875,W04,WH_MINAS,488,59,591,118,4,0.1757,6.76,2026-07-29
INV000876,PRD-00876,W04,WH_RIO,184,43,431,86,2,0.5741,5.17,2026-07-31
INV000877,PRD-00877,W02,WH_SAO_PAULO,306,44,442,88,8,0.3093,5.97,2026-07-25
INV000878,PRD-00878,W02,WH_SAO_PAULO,409,57,573,114,3,0.2875,6.8,2026-07-26
INV000879,PRD-00879,W03,WH_RIO,106,15,157,31,13,0.3291,2.61,2026-07-07
INV000880,PRD-00880,W04,WH_SAO_PAULO,268,43,434,86,5,0.3839,5.13,2026-08-01
INV000881,PRD-00881,W01,WH_MINAS,252,60,605,121,2,0.5842,6.88,2026-07-14
INV000882,PRD-00882,W01,WH_RIO,155,20,209,41,10,0.2619,2.66,2026-07-10
INV000883,PRD-00883,W03,WH_RIO,440,57,576,115,9,0.2374,7.45,2026-07-17
INV000884,PRD-00884,W02,WH_MINAS,362,43,435,87,5,0.1697,4.7,2026-07-26
INV000885,PRD-00885,W03,WH_BAHIA,307,41,411,82,9,0.2549,5.0,2026-07-31
INV000886,PRD-00886,W04,WH_MINAS,253,41,415,83,9,0.3918,4.49,2026-07-25
INV000887,PRD-00887,W03,WH_BAHIA,141,23,234,46,11,0.4,2.12,2026-07-24
INV000888,PRD-00888,W04,WH_BAHIA,85,14,142,28,13,0.4056,1.3,2026-07-18
INV000889,PRD-00889,W01,WH_MINAS,481,54,540,108,3,0.1109,7.04,2026-07-25
INV000890,PRD-00890,W04,WH_MINAS,169,21,219,43,2,0.2318,2.74,2026-07-22
INV000891,PRD-00891,W04,WH_BAHIA,122,30,300,60,7,0.5947,3.87,2026-07-16
INV000892,PRD-00892,W02,WH_MINAS,213,80,800,160,11,0.7341,9.73,2026-07-08
INV000893,PRD-00893,W01,WH_RIO,259,38,381,76,4,0.322,4.2,2026-07-25
INV000894,PRD-00894,W01,WH_BAHIA,391,44,449,89,2,0.1311,5.45,2026-07-13
INV000895,PRD-00895,W01,WH_RIO,123,28,283,56,4,0.5669,3.97,2026-07-07
INV000896,PRD-00896,W04,WH_MINAS,536,60,602,120,6,0.1111,7.86,2026-07-26
INV000897,PRD-00897,W03,WH_MINAS,91,16,162,32,8,0.4417,2.45,2026-07-24
INV000898,PRD-00898,W01,WH_BAHIA,225,53,535,107,10,0.5802,6.94,2026-07-08
INV000899,PRD-00899,W03,WH_BAHIA,124,19,192,38,7,0.3575,2.7,2026-07-21
INV000900,PRD-00900,W01,WH_SAO_PAULO,307,72,725,145,10,0.5771,9.03,2026-07-13
