employee_id,employee_name,department,level,region,hire_date,salary,performance_score,manager_id,is_active
EMP-00001,Employee 0001,Customer Success,Mid,Latin America,2023-03-30 00:00:00+00:00,105863,62.68,,1
EMP-00002,Employee 0002,Finance,Junior,North America,2024-10-16 00:00:00+00:00,72649,74.91,,1
EMP-00003,Employee 0003,Customer Success,Mid,Europe,2024-02-23 00:00:00+00:00,303501,80.64,,1
EMP-00004,Employee 0004,Supply Chain,Mid,Asia Pacific,2025-08-20 00:00:00+00:00,280829,65.34,,1
EMP-00005,Employee 0005,Executive,Lead,Asia Pacific,2025-03-22 00:00:00+00:00,116350,75.73,,1
EMP-00006,Employee 0006,Customer Success,Lead,Latin America,2024-10-26 00:00:00+00:00,156272,77.3,,1
EMP-00007,Employee 0007,IT,Mid,Latin America,2023-12-11 00:00:00+00:00,282831,82.97,,1
EMP-00008,Employee 0008,Operations,Junior,North America,2023-12-29 00:00:00+00:00,294254,60.48,,1
EMP-00009,Employee 0009,Marketing,Mid,Europe,2024-04-16 00:00:00+00:00,201464,71.46,,1
EMP-00010,Employee 0010,Supply Chain,Mid,North America,2024-03-14 00:00:00+00:00,228402,79.94,,1
EMP-00011,Employee 0011,IT,Mid,Middle East & Africa,2023-03-31 00:00:00+00:00,316778,73.63,,1
EMP-00012,Employee 0012,Finance,Senior,Europe,2023-01-07 00:00:00+00:00,193042,65.92,,1
EMP-00013,Employee 0013,Customer Success,Mid,Asia Pacific,2024-11-13 00:00:00+00:00,128612,88.29,,1
EMP-00014,Employee 0014,Customer Success,Mid,Middle East & Africa,2023-02-27 00:00:00+00:00,269668,88.66,,1
EMP-00015,Employee 0015,IT,Junior,Latin America,2024-04-10 00:00:00+00:00,284345,86.29,,1
EMP-00016,Employee 0016,Operations,Lead,Middle East & Africa,2023-04-13 00:00:00+00:00,246657,73.97,EMP-00007,1
EMP-00017,Employee 0017,Marketing,Senior,Europe,2024-04-07 00:00:00+00:00,266741,75.74,EMP-00011,1
EMP-00018,Employee 0018,Operations,Lead,Europe,2024-01-29 00:00:00+00:00,206259,91.73,EMP-00010,1
EMP-00019,Employee 0019,Finance,Mid,Asia Pacific,2023-03-22 00:00:00+00:00,209924,86.82,EMP-00009,1
EMP-00020,Employee 0020,Finance,Lead,Latin America,2023-10-14 00:00:00+00:00,71112,91.9,EMP-00004,1
EMP-00021,Employee 0021,Executive,Director,Middle East & Africa,2023-03-10 00:00:00+00:00,83664,78.92,EMP-00012,1
EMP-00022,Employee 0022,Customer Success,Lead,Latin America,2024-02-05 00:00:00+00:00,266274,84.7,EMP-00004,1
EMP-00023,Employee 0023,Finance,Junior,Middle East & Africa,2023-03-28 00:00:00+00:00,306676,85.31,EMP-00007,1
EMP-00024,Employee 0024,Marketing,Mid,North America,2024-02-11 00:00:00+00:00,274123,93.87,EMP-00012,1
EMP-00025,Employee 0025,IT,Director,Middle East & Africa,2023-03-25 00:00:00+00:00,240645,52.93,EMP-00014,1
EMP-00026,Employee 0026,Operations,Senior,Europe,2023-12-17 00:00:00+00:00,291101,79.35,EMP-00001,1
EMP-00027,Employee 0027,IT,Lead,North America,2023-11-26 00:00:00+00:00,192217,88.49,EMP-00013,1
EMP-00028,Employee 0028,Executive,Mid,North America,2024-05-28 00:00:00+00:00,75652,90.94,EMP-00011,1
EMP-00029,Employee 0029,Executive,Mid,Europe,2024-02-28 00:00:00+00:00,122169,73.02,EMP-00003,1
EMP-00030,Employee 0030,Finance,Mid,Europe,2025-07-24 00:00:00+00:00,312424,82.29,EMP-00002,1
EMP-00031,Employee 0031,Finance,Lead,North America,2025-06-15 00:00:00+00:00,282173,86.09,EMP-00003,1
EMP-00032,Employee 0032,Supply Chain,Junior,Europe,2024-06-06 00:00:00+00:00,167000,91.8,EMP-00002,1
EMP-00033,Employee 0033,Sales,Mid,Asia Pacific,2023-02-08 00:00:00+00:00,72084,81.91,EMP-00005,1
EMP-00034,Employee 0034,Supply Chain,Lead,North America,2025-03-31 00:00:00+00:00,107253,80.83,EMP-00004,1
EMP-00035,Employee 0035,Marketing,Lead,Europe,2024-11-05 00:00:00+00:00,260614,75.02,EMP-00002,1
EMP-00036,Employee 0036,Sales,Lead,Middle East & Africa,2025-02-18 00:00:00+00:00,241328,90.33,EMP-00006,1
EMP-00037,Employee 0037,Operations,Junior,Middle East & Africa,2025-06-19 00:00:00+00:00,279981,91.68,EMP-00013,1
EMP-00038,Employee 0038,Customer Success,Senior,Asia Pacific,2024-02-22 00:00:00+00:00,258666,89.48,EMP-00015,1
EMP-00039,Employee 0039,IT,Mid,Asia Pacific,2024-04-29 00:00:00+00:00,259522,86.16,EMP-00013,1
EMP-00040,Employee 0040,Executive,VP,North America,2023-08-28 00:00:00+00:00,48148,80.7,EMP-00007,1
EMP-00041,Employee 0041,Finance,Senior,Middle East & Africa,2023-03-13 00:00:00+00:00,120426,71.54,EMP-00010,1
EMP-00042,Employee 0042,Operations,Director,Europe,2023-02-01 00:00:00+00:00,136422,69.86,EMP-00007,1
EMP-00043,Employee 0043,Marketing,Mid,North America,2024-12-14 00:00:00+00:00,219623,89.33,EMP-00009,1
EMP-00044,Employee 0044,IT,Lead,North America,2023-02-25 00:00:00+00:00,175394,90.46,EMP-00012,1
EMP-00045,Employee 0045,Supply Chain,Mid,Middle East & Africa,2025-05-28 00:00:00+00:00,87661,80.7,EMP-00006,1
EMP-00046,Employee 0046,Marketing,Mid,Europe,2023-08-08 00:00:00+00:00,278949,80.69,EMP-00005,1
EMP-00047,Employee 0047,Executive,Lead,Asia Pacific,2024-05-30 00:00:00+00:00,147957,80.35,EMP-00014,1
EMP-00048,Employee 0048,Sales,Mid,North America,2025-05-27 00:00:00+00:00,53418,91.18,EMP-00009,1
EMP-00049,Employee 0049,Supply Chain,Junior,Europe,2023-07-14 00:00:00+00:00,269513,86.32,EMP-00008,1
EMP-00050,Employee 0050,Operations,Junior,Europe,2023-04-16 00:00:00+00:00,252465,73.26,EMP-00011,1
EMP-00051,Employee 0051,Customer Success,Senior,Middle East & Africa,2024-01-22 00:00:00+00:00,304535,83.6,EMP-00001,1
EMP-00052,Employee 0052,Customer Success,Senior,Asia Pacific,2025-04-05 00:00:00+00:00,301338,60.59,EMP-00013,1
EMP-00053,Employee 0053,IT,Director,Europe,2023-09-24 00:00:00+00:00,155505,71.21,EMP-00013,1
EMP-00054,Employee 0054,Finance,Lead,Latin America,2024-04-02 00:00:00+00:00,304113,58.76,EMP-00002,1
EMP-00055,Employee 0055,IT,Senior,Europe,2024-10-10 00:00:00+00:00,261293,68.58,EMP-00005,1
EMP-00056,Employee 0056,Customer Success,Senior,Middle East & Africa,2024-10-07 00:00:00+00:00,109244,69.6,EMP-00010,1
EMP-00057,Employee 0057,Marketing,Mid,Middle East & Africa,2025-04-15 00:00:00+00:00,234552,55.09,EMP-00013,1
EMP-00058,Employee 0058,Sales,Mid,North America,2023-05-24 00:00:00+00:00,215943,90.9,EMP-00001,1
EMP-00059,Employee 0059,Customer Success,Lead,Asia Pacific,2025-08-29 00:00:00+00:00,121751,72.4,EMP-00003,1
EMP-00060,Employee 0060,IT,Mid,Europe,2025-03-05 00:00:00+00:00,177663,74.45,EMP-00008,1
EMP-00061,Employee 0061,IT,Mid,Middle East & Africa,2025-09-03 00:00:00+00:00,108975,68.53,EMP-00002,1
EMP-00062,Employee 0062,Finance,Director,North America,2023-03-31 00:00:00+00:00,215598,84.22,EMP-00006,1
EMP-00063,Employee 0063,Supply Chain,Lead,Asia Pacific,2025-02-09 00:00:00+00:00,180359,93.19,EMP-00008,1
EMP-00064,Employee 0064,IT,Senior,Europe,2024-06-07 00:00:00+00:00,196638,83.75,EMP-00013,1
EMP-00065,Employee 0065,Marketing,Senior,Asia Pacific,2025-03-03 00:00:00+00:00,226228,81.83,EMP-00004,1
EMP-00066,Employee 0066,Executive,Mid,North America,2023-04-14 00:00:00+00:00,294059,56.28,EMP-00011,1
EMP-00067,Employee 0067,Sales,Lead,North America,2024-05-05 00:00:00+00:00,161813,76.88,EMP-00005,1
EMP-00068,Employee 0068,Customer Success,Lead,Europe,2025-05-05 00:00:00+00:00,247283,85.12,EMP-00011,1
EMP-00069,Employee 0069,Finance,Senior,Latin America,2025-03-26 00:00:00+00:00,182888,91.19,EMP-00003,1
EMP-00070,Employee 0070,Marketing,Mid,Middle East & Africa,2024-08-11 00:00:00+00:00,196519,84.67,EMP-00003,1
EMP-00071,Employee 0071,IT,Junior,Middle East & Africa,2024-10-25 00:00:00+00:00,106016,99.0,EMP-00012,1
EMP-00072,Employee 0072,Marketing,Senior,Latin America,2024-06-29 00:00:00+00:00,319281,69.99,EMP-00005,1
EMP-00073,Employee 0073,Executive,Senior,North America,2025-05-07 00:00:00+00:00,197700,69.99,EMP-00014,1
EMP-00074,Employee 0074,Operations,Senior,Middle East & Africa,2023-09-30 00:00:00+00:00,303337,82.22,EMP-00005,1
EMP-00075,Employee 0075,IT,Junior,Middle East & Africa,2025-08-06 00:00:00+00:00,227269,92.05,EMP-00004,1
EMP-00076,Employee 0076,Supply Chain,Senior,Asia Pacific,2024-05-26 00:00:00+00:00,88724,93.83,EMP-00003,1
EMP-00077,Employee 0077,Customer Success,Lead,Asia Pacific,2025-09-16 00:00:00+00:00,222292,55.61,EMP-00006,1
EMP-00078,Employee 0078,Operations,Senior,Middle East & Africa,2023-01-21 00:00:00+00:00,220934,79.21,EMP-00007,0
EMP-00079,Employee 0079,Supply Chain,Mid,Europe,2024-06-17 00:00:00+00:00,267216,88.48,EMP-00004,1
EMP-00080,Employee 0080,Marketing,VP,Europe,2024-04-25 00:00:00+00:00,302548,88.17,EMP-00007,1
EMP-00081,Employee 0081,Operations,Senior,Latin America,2024-05-01 00:00:00+00:00,57542,84.21,EMP-00011,1
EMP-00082,Employee 0082,Sales,Lead,Europe,2023-08-03 00:00:00+00:00,277848,77.06,EMP-00006,1
EMP-00083,Employee 0083,Finance,Mid,Middle East & Africa,2024-01-06 00:00:00+00:00,211872,44.61,EMP-00001,1
EMP-00084,Employee 0084,Supply Chain,Mid,Asia Pacific,2025-06-11 00:00:00+00:00,291179,99.0,EMP-00012,1
EMP-00085,Employee 0085,IT,Director,Europe,2023-05-06 00:00:00+00:00,155620,84.73,EMP-00001,1
EMP-00086,Employee 0086,Marketing,Director,Middle East & Africa,2023-09-30 00:00:00+00:00,215744,68.3,EMP-00011,1
EMP-00087,Employee 0087,Marketing,Junior,North America,2024-09-10 00:00:00+00:00,95810,74.44,EMP-00004,1
EMP-00088,Employee 0088,Customer Success,Director,Middle East & Africa,2024-05-26 00:00:00+00:00,69242,80.87,EMP-00012,1
EMP-00089,Employee 0089,Customer Success,Senior,Asia Pacific,2025-09-22 00:00:00+00:00,60908,83.23,EMP-00008,1
EMP-00090,Employee 0090,Marketing,Mid,Europe,2023-01-04 00:00:00+00:00,52628,62.71,EMP-00013,1
EMP-00091,Employee 0091,IT,Mid,Latin America,2023-09-24 00:00:00+00:00,173881,67.1,EMP-00006,1
EMP-00092,Employee 0092,IT,Senior,Middle East & Africa,2025-01-12 00:00:00+00:00,130043,83.5,EMP-00004,1
EMP-00093,Employee 0093,Operations,Junior,North America,2023-06-05 00:00:00+00:00,130755,71.65,EMP-00002,1
EMP-00094,Employee 0094,Finance,Senior,Asia Pacific,2023-06-10 00:00:00+00:00,215639,58.44,EMP-00015,1
EMP-00095,Employee 0095,Executive,Lead,Latin America,2023-09-16 00:00:00+00:00,294541,69.29,EMP-00013,1
EMP-00096,Employee 0096,Marketing,Senior,Asia Pacific,2025-09-25 00:00:00+00:00,299729,77.86,EMP-00010,1
EMP-00097,Employee 0097,Sales,Lead,Europe,2024-04-30 00:00:00+00:00,207707,59.97,EMP-00013,1
EMP-00098,Employee 0098,Sales,Senior,Europe,2023-10-20 00:00:00+00:00,155229,95.98,EMP-00012,1
EMP-00099,Employee 0099,Marketing,Senior,Asia Pacific,2025-04-20 00:00:00+00:00,161094,91.07,EMP-00001,1
EMP-00100,Employee 0100,Customer Success,Mid,Latin America,2024-10-27 00:00:00+00:00,218493,88.08,EMP-00014,1
EMP-00101,Employee 0101,Supply Chain,Senior,Asia Pacific,2023-09-30 00:00:00+00:00,295136,79.0,EMP-00015,1
EMP-00102,Employee 0102,Operations,VP,Asia Pacific,2025-08-17 00:00:00+00:00,193142,64.41,EMP-00013,1
EMP-00103,Employee 0103,Marketing,Junior,Europe,2025-09-17 00:00:00+00:00,157450,68.77,EMP-00010,1
EMP-00104,Employee 0104,Operations,Junior,Middle East & Africa,2025-01-26 00:00:00+00:00,112193,92.55,EMP-00009,1
EMP-00105,Employee 0105,Customer Success,Senior,Asia Pacific,2024-01-22 00:00:00+00:00,73799,69.27,EMP-00007,1
EMP-00106,Employee 0106,Finance,VP,Middle East & Africa,2023-12-16 00:00:00+00:00,133315,77.64,EMP-00008,1
EMP-00107,Employee 0107,Customer Success,Mid,Europe,2023-10-17 00:00:00+00:00,265323,74.81,EMP-00004,1
EMP-00108,Employee 0108,Sales,Mid,Latin America,2025-07-09 00:00:00+00:00,149502,76.28,EMP-00009,1
EMP-00109,Employee 0109,Executive,Director,Asia Pacific,2023-03-20 00:00:00+00:00,276938,76.62,EMP-00005,0
EMP-00110,Employee 0110,Operations,Mid,North America,2023-08-01 00:00:00+00:00,255959,75.37,EMP-00014,1
EMP-00111,Employee 0111,Operations,Mid,North America,2023-06-24 00:00:00+00:00,261915,73.03,EMP-00001,1
EMP-00112,Employee 0112,Marketing,Mid,North America,2024-09-26 00:00:00+00:00,229845,74.49,EMP-00001,0
EMP-00113,Employee 0113,IT,Senior,Asia Pacific,2023-04-05 00:00:00+00:00,55060,75.7,EMP-00013,1
EMP-00114,Employee 0114,Finance,Junior,Asia Pacific,2025-01-15 00:00:00+00:00,177048,67.61,EMP-00006,1
EMP-00115,Employee 0115,Executive,Mid,Latin America,2023-05-19 00:00:00+00:00,243488,62.59,EMP-00009,1
EMP-00116,Employee 0116,Finance,Senior,North America,2023-12-23 00:00:00+00:00,317643,73.93,EMP-00005,1
EMP-00117,Employee 0117,Customer Success,Junior,North America,2023-07-05 00:00:00+00:00,254364,68.37,EMP-00004,1
EMP-00118,Employee 0118,IT,Mid,Latin America,2025-04-11 00:00:00+00:00,129183,77.27,EMP-00007,0
EMP-00119,Employee 0119,Marketing,Mid,Asia Pacific,2024-10-02 00:00:00+00:00,204238,66.26,EMP-00002,1
EMP-00120,Employee 0120,Finance,Junior,North America,2024-04-17 00:00:00+00:00,247423,57.18,EMP-00010,1
EMP-00121,Employee 0121,Customer Success,Director,Asia Pacific,2025-07-25 00:00:00+00:00,278392,94.0,EMP-00002,1
EMP-00122,Employee 0122,Finance,Mid,Europe,2025-05-11 00:00:00+00:00,78090,71.04,EMP-00012,1
EMP-00123,Employee 0123,IT,Mid,Europe,2024-07-25 00:00:00+00:00,300269,53.54,EMP-00006,1
EMP-00124,Employee 0124,Sales,Senior,North America,2023-08-03 00:00:00+00:00,170855,86.18,EMP-00001,1
EMP-00125,Employee 0125,IT,Junior,North America,2023-04-24 00:00:00+00:00,292382,72.59,EMP-00007,0
EMP-00126,Employee 0126,Marketing,Senior,Middle East & Africa,2025-06-14 00:00:00+00:00,259663,77.25,EMP-00007,1
EMP-00127,Employee 0127,Supply Chain,Mid,Middle East & Africa,2024-12-09 00:00:00+00:00,190579,79.29,EMP-00001,1
EMP-00128,Employee 0128,Customer Success,Senior,Asia Pacific,2024-06-17 00:00:00+00:00,178057,88.12,EMP-00005,1
EMP-00129,Employee 0129,Operations,Junior,North America,2023-04-04 00:00:00+00:00,123265,80.36,EMP-00005,1
EMP-00130,Employee 0130,Customer Success,Lead,Europe,2024-03-04 00:00:00+00:00,207344,61.59,EMP-00012,1
EMP-00131,Employee 0131,Sales,Lead,Europe,2025-08-14 00:00:00+00:00,128146,63.84,EMP-00012,1
EMP-00132,Employee 0132,Finance,VP,Europe,2023-08-24 00:00:00+00:00,177958,61.19,EMP-00005,0
EMP-00133,Employee 0133,Customer Success,Director,North America,2023-11-06 00:00:00+00:00,112337,71.52,EMP-00014,1
EMP-00134,Employee 0134,Executive,Senior,North America,2023-04-14 00:00:00+00:00,109397,81.28,EMP-00004,1
EMP-00135,Employee 0135,Supply Chain,Junior,Middle East & Africa,2023-11-02 00:00:00+00:00,295003,68.06,EMP-00008,1
EMP-00136,Employee 0136,Executive,Junior,Middle East & Africa,2023-10-19 00:00:00+00:00,284948,69.54,EMP-00003,1
EMP-00137,Employee 0137,Sales,Junior,North America,2025-02-17 00:00:00+00:00,204366,69.08,EMP-00003,1
EMP-00138,Employee 0138,Executive,Lead,Europe,2024-02-02 00:00:00+00:00,228560,70.57,EMP-00008,1
EMP-00139,Employee 0139,Customer Success,Lead,North America,2024-11-21 00:00:00+00:00,48336,84.49,EMP-00004,1
EMP-00140,Employee 0140,Executive,Mid,North America,2024-08-22 00:00:00+00:00,250157,73.88,EMP-00001,1
EMP-00141,Employee 0141,Customer Success,Mid,Latin America,2023-10-13 00:00:00+00:00,309418,89.26,EMP-00015,1
EMP-00142,Employee 0142,Supply Chain,Junior,Europe,2024-12-24 00:00:00+00:00,306159,71.25,EMP-00011,1
EMP-00143,Employee 0143,Marketing,VP,Asia Pacific,2025-05-07 00:00:00+00:00,62277,77.45,EMP-00011,1
EMP-00144,Employee 0144,Executive,Mid,Europe,2023-02-12 00:00:00+00:00,236335,75.01,EMP-00014,1
EMP-00145,Employee 0145,Supply Chain,Lead,Latin America,2024-12-06 00:00:00+00:00,177530,80.33,EMP-00011,1
EMP-00146,Employee 0146,Sales,Lead,Asia Pacific,2025-08-09 00:00:00+00:00,65672,83.06,EMP-00003,1
EMP-00147,Employee 0147,IT,Lead,North America,2024-07-18 00:00:00+00:00,262576,77.51,EMP-00014,1
EMP-00148,Employee 0148,Marketing,Senior,Middle East & Africa,2023-09-06 00:00:00+00:00,219193,99.0,EMP-00008,1
EMP-00149,Employee 0149,Sales,Mid,Europe,2023-04-01 00:00:00+00:00,118904,94.06,EMP-00013,1
EMP-00150,Employee 0150,Executive,Mid,Latin America,2024-11-09 00:00:00+00:00,185377,71.35,EMP-00014,1
EMP-00151,Employee 0151,Sales,Director,Latin America,2023-04-15 00:00:00+00:00,143569,92.17,EMP-00001,1
EMP-00152,Employee 0152,Marketing,Senior,Europe,2025-03-17 00:00:00+00:00,108251,90.98,EMP-00013,1
EMP-00153,Employee 0153,Executive,Senior,Europe,2025-03-07 00:00:00+00:00,164335,63.21,EMP-00002,1
EMP-00154,Employee 0154,Operations,Senior,Europe,2024-02-22 00:00:00+00:00,209369,54.41,EMP-00012,1
EMP-00155,Employee 0155,IT,Mid,Middle East & Africa,2024-09-05 00:00:00+00:00,61862,80.06,EMP-00010,1
EMP-00156,Employee 0156,IT,Senior,Asia Pacific,2024-03-13 00:00:00+00:00,231066,76.24,EMP-00003,1
EMP-00157,Employee 0157,Sales,Lead,Latin America,2025-02-07 00:00:00+00:00,181680,50.43,EMP-00014,1
EMP-00158,Employee 0158,Marketing,Mid,North America,2023-02-17 00:00:00+00:00,200087,79.11,EMP-00007,1
EMP-00159,Employee 0159,Marketing,Junior,North America,2024-05-30 00:00:00+00:00,87394,78.22,EMP-00006,1
EMP-00160,Employee 0160,Operations,Junior,Europe,2024-02-13 00:00:00+00:00,89677,71.02,EMP-00015,1
EMP-00161,Employee 0161,Executive,Director,North America,2024-04-01 00:00:00+00:00,194768,95.07,EMP-00009,1
EMP-00162,Employee 0162,Operations,Senior,Europe,2025-07-26 00:00:00+00:00,220733,75.25,EMP-00004,1
EMP-00163,Employee 0163,Marketing,Senior,Europe,2024-05-19 00:00:00+00:00,220219,73.37,EMP-00013,0
EMP-00164,Employee 0164,Customer Success,Junior,North America,2024-01-05 00:00:00+00:00,54753,77.72,EMP-00003,1
EMP-00165,Employee 0165,Operations,Mid,Middle East & Africa,2024-11-26 00:00:00+00:00,176836,62.72,EMP-00010,1
EMP-00166,Employee 0166,IT,Junior,Europe,2025-06-16 00:00:00+00:00,91365,67.64,EMP-00007,1
EMP-00167,Employee 0167,Sales,Senior,North America,2025-03-20 00:00:00+00:00,197103,46.72,EMP-00013,1
EMP-00168,Employee 0168,Marketing,Mid,Asia Pacific,2024-12-01 00:00:00+00:00,265113,81.96,EMP-00003,1
EMP-00169,Employee 0169,Customer Success,VP,Latin America,2025-07-03 00:00:00+00:00,308977,87.79,EMP-00009,1
EMP-00170,Employee 0170,Sales,Senior,Middle East & Africa,2025-06-03 00:00:00+00:00,181237,80.82,EMP-00008,1
EMP-00171,Employee 0171,Operations,Junior,Europe,2023-07-30 00:00:00+00:00,182876,79.96,EMP-00008,1
EMP-00172,Employee 0172,Executive,Mid,Latin America,2023-07-15 00:00:00+00:00,208633,76.71,EMP-00010,1
EMP-00173,Employee 0173,Operations,Junior,North America,2024-04-02 00:00:00+00:00,62692,94.21,EMP-00006,1
EMP-00174,Employee 0174,Customer Success,Mid,North America,2024-10-30 00:00:00+00:00,140262,75.96,EMP-00006,1
EMP-00175,Employee 0175,IT,VP,Latin America,2025-07-22 00:00:00+00:00,133427,87.42,EMP-00005,1
EMP-00176,Employee 0176,Executive,VP,Asia Pacific,2023-04-10 00:00:00+00:00,201975,86.3,EMP-00004,1
EMP-00177,Employee 0177,Finance,Mid,North America,2025-05-26 00:00:00+00:00,90458,62.4,EMP-00015,1
EMP-00178,Employee 0178,Finance,Mid,Europe,2024-05-02 00:00:00+00:00,58303,84.75,EMP-00007,1
EMP-00179,Employee 0179,IT,Mid,Europe,2024-10-05 00:00:00+00:00,140704,65.26,EMP-00006,1
EMP-00180,Employee 0180,Supply Chain,Senior,North America,2024-12-25 00:00:00+00:00,54494,71.35,EMP-00012,1
EMP-00181,Employee 0181,Supply Chain,Mid,Europe,2023-08-02 00:00:00+00:00,239603,75.54,EMP-00002,1
EMP-00182,Employee 0182,Supply Chain,Mid,Asia Pacific,2023-06-11 00:00:00+00:00,293856,91.31,EMP-00013,1
EMP-00183,Employee 0183,Sales,Junior,North America,2023-12-11 00:00:00+00:00,234372,69.65,EMP-00001,1
EMP-00184,Employee 0184,Sales,Mid,North America,2025-08-16 00:00:00+00:00,125880,81.17,EMP-00001,1
EMP-00185,Employee 0185,Finance,Mid,Asia Pacific,2024-12-29 00:00:00+00:00,240163,60.37,EMP-00004,1
EMP-00186,Employee 0186,Customer Success,Mid,Latin America,2024-04-14 00:00:00+00:00,266579,75.48,EMP-00001,1
EMP-00187,Employee 0187,Finance,Senior,Latin America,2025-01-27 00:00:00+00:00,291098,72.28,EMP-00008,1
EMP-00188,Employee 0188,Supply Chain,Junior,Europe,2024-03-23 00:00:00+00:00,188434,91.41,EMP-00014,1
EMP-00189,Employee 0189,Customer Success,Mid,North America,2023-04-02 00:00:00+00:00,157623,69.29,EMP-00003,1
EMP-00190,Employee 0190,Customer Success,Lead,Europe,2025-06-04 00:00:00+00:00,68471,60.35,EMP-00004,1
EMP-00191,Employee 0191,Finance,Senior,Asia Pacific,2025-04-09 00:00:00+00:00,172605,72.8,EMP-00002,1
EMP-00192,Employee 0192,Marketing,Director,Asia Pacific,2025-05-10 00:00:00+00:00,65065,70.78,EMP-00007,0
EMP-00193,Employee 0193,Finance,Mid,Middle East & Africa,2024-09-08 00:00:00+00:00,151905,80.25,EMP-00007,1
EMP-00194,Employee 0194,Marketing,Junior,Asia Pacific,2025-07-05 00:00:00+00:00,64872,92.1,EMP-00002,1
EMP-00195,Employee 0195,Customer Success,Senior,Latin America,2025-08-14 00:00:00+00:00,150218,73.89,EMP-00015,1
EMP-00196,Employee 0196,Operations,Mid,Middle East & Africa,2024-10-31 00:00:00+00:00,184657,81.62,EMP-00006,1
EMP-00197,Employee 0197,Supply Chain,Junior,Asia Pacific,2025-02-05 00:00:00+00:00,139935,76.51,EMP-00004,1
EMP-00198,Employee 0198,Finance,Junior,North America,2024-10-23 00:00:00+00:00,138749,83.11,EMP-00012,0
EMP-00199,Employee 0199,Customer Success,Senior,Europe,2024-01-06 00:00:00+00:00,248646,66.86,EMP-00010,1
EMP-00200,Employee 0200,Sales,Mid,Middle East & Africa,2023-08-18 00:00:00+00:00,314008,77.37,EMP-00001,1
EMP-00201,Employee 0201,Operations,Mid,Europe,2024-10-05 00:00:00+00:00,118877,88.01,EMP-00015,1
EMP-00202,Employee 0202,Supply Chain,Mid,Europe,2025-01-12 00:00:00+00:00,77241,69.24,EMP-00007,1
EMP-00203,Employee 0203,Customer Success,Lead,Europe,2025-02-03 00:00:00+00:00,57520,75.71,EMP-00013,1
EMP-00204,Employee 0204,Operations,Mid,Middle East & Africa,2024-09-13 00:00:00+00:00,155920,76.86,EMP-00010,1
EMP-00205,Employee 0205,Marketing,Senior,North America,2024-12-02 00:00:00+00:00,182953,61.3,EMP-00012,1
EMP-00206,Employee 0206,Customer Success,VP,North America,2023-12-10 00:00:00+00:00,51786,85.55,EMP-00005,1
EMP-00207,Employee 0207,Supply Chain,Junior,Latin America,2023-01-18 00:00:00+00:00,183776,71.34,EMP-00004,1
EMP-00208,Employee 0208,Finance,Senior,Middle East & Africa,2025-08-24 00:00:00+00:00,214964,77.1,EMP-00013,1
EMP-00209,Employee 0209,Customer Success,Senior,Latin America,2023-06-21 00:00:00+00:00,174038,84.37,EMP-00013,1
EMP-00210,Employee 0210,IT,Mid,Middle East & Africa,2024-05-01 00:00:00+00:00,73702,85.48,EMP-00001,1
EMP-00211,Employee 0211,Marketing,Lead,Asia Pacific,2025-06-26 00:00:00+00:00,171247,64.54,EMP-00002,1
EMP-00212,Employee 0212,Customer Success,Senior,Europe,2024-12-24 00:00:00+00:00,233160,82.17,EMP-00007,0
EMP-00213,Employee 0213,Marketing,Senior,North America,2025-07-07 00:00:00+00:00,181586,88.44,EMP-00005,1
EMP-00214,Employee 0214,IT,Junior,Europe,2024-10-27 00:00:00+00:00,243509,70.4,EMP-00013,1
EMP-00215,Employee 0215,Finance,Senior,Middle East & Africa,2023-01-03 00:00:00+00:00,306034,86.36,EMP-00009,1
EMP-00216,Employee 0216,IT,Junior,Latin America,2023-01-11 00:00:00+00:00,316208,82.17,EMP-00002,1
EMP-00217,Employee 0217,Marketing,Junior,Middle East & Africa,2025-03-10 00:00:00+00:00,115836,83.06,EMP-00007,0
EMP-00218,Employee 0218,Marketing,Mid,North America,2024-04-01 00:00:00+00:00,108156,87.14,EMP-00003,1
EMP-00219,Employee 0219,IT,Junior,Europe,2024-06-11 00:00:00+00:00,97235,67.93,EMP-00011,1
EMP-00220,Employee 0220,Executive,Junior,Europe,2024-08-29 00:00:00+00:00,226567,67.28,EMP-00010,0
EMP-00221,Employee 0221,IT,VP,Latin America,2024-07-06 00:00:00+00:00,210352,90.46,EMP-00009,1
EMP-00222,Employee 0222,IT,Lead,Middle East & Africa,2025-09-26 00:00:00+00:00,131171,74.31,EMP-00005,1
EMP-00223,Employee 0223,Executive,Mid,Latin America,2023-02-08 00:00:00+00:00,91084,61.78,EMP-00010,1
EMP-00224,Employee 0224,Customer Success,Junior,Latin America,2023-06-04 00:00:00+00:00,130805,76.02,EMP-00004,1
EMP-00225,Employee 0225,Operations,Mid,Middle East & Africa,2023-03-29 00:00:00+00:00,89870,76.64,EMP-00005,1
EMP-00226,Employee 0226,Sales,Junior,Latin America,2024-11-12 00:00:00+00:00,281000,80.53,EMP-00008,1
EMP-00227,Employee 0227,Sales,Mid,Europe,2024-06-03 00:00:00+00:00,179656,73.6,EMP-00003,1
EMP-00228,Employee 0228,Executive,Senior,Middle East & Africa,2024-03-12 00:00:00+00:00,290192,96.96,EMP-00010,0
EMP-00229,Employee 0229,Supply Chain,Mid,Middle East & Africa,2025-06-13 00:00:00+00:00,290463,67.99,EMP-00014,1
EMP-00230,Employee 0230,Finance,Lead,Latin America,2024-04-15 00:00:00+00:00,121162,56.49,EMP-00011,1
EMP-00231,Employee 0231,Marketing,Director,North America,2025-04-17 00:00:00+00:00,79260,61.71,EMP-00003,1
EMP-00232,Employee 0232,Operations,Junior,Latin America,2023-06-08 00:00:00+00:00,210737,69.74,EMP-00006,0
EMP-00233,Employee 0233,IT,Senior,Asia Pacific,2023-12-04 00:00:00+00:00,84725,83.07,EMP-00012,1
EMP-00234,Employee 0234,Sales,Junior,Latin America,2024-06-14 00:00:00+00:00,249332,75.57,EMP-00009,1
EMP-00235,Employee 0235,Sales,Senior,North America,2025-05-03 00:00:00+00:00,232784,81.64,EMP-00012,1
EMP-00236,Employee 0236,Customer Success,Junior,Europe,2023-02-15 00:00:00+00:00,140297,70.44,EMP-00014,1
EMP-00237,Employee 0237,Marketing,Mid,Asia Pacific,2024-03-16 00:00:00+00:00,185438,82.34,EMP-00011,0
EMP-00238,Employee 0238,Marketing,Mid,North America,2024-02-19 00:00:00+00:00,89881,60.38,EMP-00015,1
EMP-00239,Employee 0239,Operations,Director,Asia Pacific,2025-02-18 00:00:00+00:00,110979,79.55,EMP-00005,1
EMP-00240,Employee 0240,Marketing,Mid,Latin America,2024-02-10 00:00:00+00:00,270060,84.36,EMP-00010,1
EMP-00241,Employee 0241,Marketing,Junior,Asia Pacific,2023-11-19 00:00:00+00:00,145968,67.63,EMP-00006,1
EMP-00242,Employee 0242,IT,Junior,Latin America,2023-06-23 00:00:00+00:00,190244,96.27,EMP-00009,1
EMP-00243,Employee 0243,Supply Chain,Junior,Asia Pacific,2025-01-13 00:00:00+00:00,269080,57.14,EMP-00009,1
EMP-00244,Employee 0244,IT,Senior,Europe,2025-09-24 00:00:00+00:00,123562,85.48,EMP-00012,1
EMP-00245,Employee 0245,Supply Chain,VP,North America,2025-02-07 00:00:00+00:00,181838,86.96,EMP-00010,1
EMP-00246,Employee 0246,Sales,Senior,North America,2024-12-13 00:00:00+00:00,55501,68.25,EMP-00014,1
EMP-00247,Employee 0247,Executive,Senior,Europe,2024-07-10 00:00:00+00:00,78519,81.25,EMP-00011,1
EMP-00248,Employee 0248,Marketing,Senior,Middle East & Africa,2025-08-13 00:00:00+00:00,281328,68.31,EMP-00004,1
EMP-00249,Employee 0249,Supply Chain,Junior,Latin America,2023-08-17 00:00:00+00:00,268494,80.98,EMP-00008,1
EMP-00250,Employee 0250,Operations,Director,North America,2025-01-12 00:00:00+00:00,168995,75.31,EMP-00006,1
EMP-00251,Employee 0251,IT,VP,Latin America,2023-09-29 00:00:00+00:00,161230,77.76,EMP-00009,1
EMP-00252,Employee 0252,Finance,Junior,Asia Pacific,2024-05-08 00:00:00+00:00,198866,71.31,EMP-00001,1
EMP-00253,Employee 0253,Supply Chain,Mid,Europe,2023-05-05 00:00:00+00:00,188680,71.37,EMP-00015,1
EMP-00254,Employee 0254,Executive,Senior,Latin America,2024-09-04 00:00:00+00:00,84487,69.24,EMP-00015,1
EMP-00255,Employee 0255,Sales,Director,North America,2024-03-01 00:00:00+00:00,93560,84.81,EMP-00008,1
EMP-00256,Employee 0256,IT,Senior,North America,2023-06-17 00:00:00+00:00,70494,96.1,EMP-00013,1
EMP-00257,Employee 0257,Finance,Mid,Latin America,2025-02-18 00:00:00+00:00,210380,99.0,EMP-00012,0
EMP-00258,Employee 0258,IT,Mid,Asia Pacific,2023-06-02 00:00:00+00:00,144829,88.04,EMP-00002,1
EMP-00259,Employee 0259,Executive,Mid,Asia Pacific,2024-12-27 00:00:00+00:00,210986,77.7,EMP-00003,1
EMP-00260,Employee 0260,IT,Director,Latin America,2024-05-01 00:00:00+00:00,110321,88.73,EMP-00014,1
EMP-00261,Employee 0261,IT,Lead,Middle East & Africa,2025-08-27 00:00:00+00:00,146850,81.63,EMP-00003,1
EMP-00262,Employee 0262,IT,Lead,North America,2023-07-23 00:00:00+00:00,57334,74.0,EMP-00011,1
EMP-00263,Employee 0263,Operations,Junior,Latin America,2024-06-19 00:00:00+00:00,157168,99.0,EMP-00015,1
EMP-00264,Employee 0264,Operations,Mid,Asia Pacific,2025-02-09 00:00:00+00:00,95905,88.55,EMP-00013,1
EMP-00265,Employee 0265,IT,Lead,Europe,2024-02-27 00:00:00+00:00,306804,69.63,EMP-00015,1
EMP-00266,Employee 0266,Sales,Junior,Asia Pacific,2023-10-24 00:00:00+00:00,225826,88.41,EMP-00013,1
EMP-00267,Employee 0267,Supply Chain,Mid,Asia Pacific,2023-11-16 00:00:00+00:00,194799,84.17,EMP-00001,1
EMP-00268,Employee 0268,Executive,Lead,Asia Pacific,2023-03-29 00:00:00+00:00,116246,67.53,EMP-00004,0
EMP-00269,Employee 0269,Finance,Senior,Europe,2025-05-27 00:00:00+00:00,129785,78.67,EMP-00015,1
EMP-00270,Employee 0270,Supply Chain,Senior,North America,2024-08-08 00:00:00+00:00,310706,77.22,EMP-00005,1
EMP-00271,Employee 0271,Finance,Mid,Latin America,2024-03-31 00:00:00+00:00,101876,49.29,EMP-00002,1
EMP-00272,Employee 0272,Executive,Junior,Middle East & Africa,2024-07-09 00:00:00+00:00,293034,62.36,EMP-00006,1
EMP-00273,Employee 0273,Operations,Lead,Middle East & Africa,2023-01-25 00:00:00+00:00,288660,89.88,EMP-00002,1
EMP-00274,Employee 0274,Customer Success,Mid,Middle East & Africa,2023-09-19 00:00:00+00:00,142036,69.99,EMP-00011,1
EMP-00275,Employee 0275,Finance,Senior,Europe,2023-03-23 00:00:00+00:00,97763,84.4,EMP-00013,1
EMP-00276,Employee 0276,Customer Success,Senior,Middle East & Africa,2023-05-09 00:00:00+00:00,263238,91.89,EMP-00010,1
EMP-00277,Employee 0277,Marketing,Mid,Latin America,2025-06-09 00:00:00+00:00,291956,55.19,EMP-00011,1
EMP-00278,Employee 0278,Customer Success,Lead,Asia Pacific,2024-09-20 00:00:00+00:00,96883,95.7,EMP-00008,1
EMP-00279,Employee 0279,Executive,Junior,Europe,2023-02-11 00:00:00+00:00,297912,76.09,EMP-00011,0
EMP-00280,Employee 0280,Sales,Mid,Latin America,2025-01-10 00:00:00+00:00,174547,82.24,EMP-00009,1
EMP-00281,Employee 0281,Marketing,Senior,North America,2024-11-18 00:00:00+00:00,255211,99.0,EMP-00006,1
EMP-00282,Employee 0282,Operations,Junior,Middle East & Africa,2023-07-09 00:00:00+00:00,164717,88.6,EMP-00007,1
EMP-00283,Employee 0283,IT,Director,Middle East & Africa,2023-11-21 00:00:00+00:00,238635,76.04,EMP-00001,1
EMP-00284,Employee 0284,Finance,Mid,Middle East & Africa,2025-01-15 00:00:00+00:00,285443,72.12,EMP-00005,1
EMP-00285,Employee 0285,Sales,Senior,Middle East & Africa,2023-11-14 00:00:00+00:00,104885,73.05,EMP-00010,1
EMP-00286,Employee 0286,Executive,Junior,Middle East & Africa,2024-10-17 00:00:00+00:00,158184,71.77,EMP-00013,1
EMP-00287,Employee 0287,Finance,Senior,Latin America,2024-03-06 00:00:00+00:00,196311,91.88,EMP-00004,1
EMP-00288,Employee 0288,Executive,Mid,North America,2025-02-13 00:00:00+00:00,92226,83.94,EMP-00009,1
EMP-00289,Employee 0289,IT,Mid,Europe,2024-06-06 00:00:00+00:00,82411,80.3,EMP-00010,1
EMP-00290,Employee 0290,Marketing,Director,North America,2023-03-05 00:00:00+00:00,238059,75.59,EMP-00012,1
EMP-00291,Employee 0291,Customer Success,Senior,Europe,2024-10-01 00:00:00+00:00,271660,86.01,EMP-00004,1
EMP-00292,Employee 0292,Marketing,Senior,Asia Pacific,2025-08-24 00:00:00+00:00,222196,57.27,EMP-00003,1
EMP-00293,Employee 0293,Executive,VP,Middle East & Africa,2025-02-23 00:00:00+00:00,206214,98.49,EMP-00013,1
EMP-00294,Employee 0294,Marketing,Junior,Latin America,2024-10-21 00:00:00+00:00,135590,75.05,EMP-00004,1
EMP-00295,Employee 0295,Operations,Junior,Middle East & Africa,2023-04-20 00:00:00+00:00,286242,67.53,EMP-00003,1
EMP-00296,Employee 0296,Supply Chain,Lead,Middle East & Africa,2023-09-16 00:00:00+00:00,249765,90.61,EMP-00007,1
EMP-00297,Employee 0297,Executive,Junior,Middle East & Africa,2025-06-19 00:00:00+00:00,180609,90.36,EMP-00005,1
EMP-00298,Employee 0298,Operations,Lead,North America,2025-05-27 00:00:00+00:00,222138,77.18,EMP-00004,1
EMP-00299,Employee 0299,Sales,Senior,Middle East & Africa,2023-02-15 00:00:00+00:00,262396,92.6,EMP-00002,1
EMP-00300,Employee 0300,Finance,Mid,Asia Pacific,2024-08-03 00:00:00+00:00,90042,89.03,EMP-00010,1
EMP-00301,Employee 0301,Supply Chain,Senior,Europe,2025-04-01 00:00:00+00:00,201778,82.18,EMP-00004,1
EMP-00302,Employee 0302,Executive,Mid,Asia Pacific,2023-06-10 00:00:00+00:00,102971,59.96,EMP-00011,1
EMP-00303,Employee 0303,Executive,Mid,Asia Pacific,2025-08-15 00:00:00+00:00,146364,79.39,EMP-00005,1
EMP-00304,Employee 0304,Supply Chain,Lead,Latin America,2025-05-02 00:00:00+00:00,228137,78.1,EMP-00004,1
EMP-00305,Employee 0305,Finance,Mid,Asia Pacific,2024-07-07 00:00:00+00:00,266521,75.26,EMP-00013,1
EMP-00306,Employee 0306,Executive,Mid,Asia Pacific,2024-12-23 00:00:00+00:00,211249,73.92,EMP-00001,1
EMP-00307,Employee 0307,Sales,Senior,Asia Pacific,2023-02-20 00:00:00+00:00,296388,86.27,EMP-00002,1
EMP-00308,Employee 0308,Executive,Mid,Middle East & Africa,2023-10-08 00:00:00+00:00,57479,64.31,EMP-00010,1
EMP-00309,Employee 0309,Supply Chain,Mid,North America,2023-05-01 00:00:00+00:00,105832,91.13,EMP-00001,1
EMP-00310,Employee 0310,Supply Chain,Senior,Latin America,2024-06-27 00:00:00+00:00,117561,77.45,EMP-00015,1
EMP-00311,Employee 0311,Operations,Senior,Asia Pacific,2025-03-16 00:00:00+00:00,246278,68.74,EMP-00007,1
EMP-00312,Employee 0312,Marketing,Junior,Asia Pacific,2024-02-04 00:00:00+00:00,73220,74.81,EMP-00005,1
EMP-00313,Employee 0313,Operations,Director,Europe,2024-02-04 00:00:00+00:00,102534,80.19,EMP-00005,1
EMP-00314,Employee 0314,Operations,Mid,Europe,2023-01-07 00:00:00+00:00,312939,93.87,EMP-00010,1
EMP-00315,Employee 0315,Sales,Mid,Europe,2023-06-03 00:00:00+00:00,155481,85.81,EMP-00006,1
EMP-00316,Employee 0316,Sales,Junior,Latin America,2024-04-22 00:00:00+00:00,179416,90.99,EMP-00001,1
EMP-00317,Employee 0317,IT,Director,North America,2024-03-31 00:00:00+00:00,298450,77.31,EMP-00001,0
EMP-00318,Employee 0318,Sales,Junior,Europe,2023-08-24 00:00:00+00:00,185862,75.67,EMP-00009,1
EMP-00319,Employee 0319,Supply Chain,Senior,Asia Pacific,2023-06-13 00:00:00+00:00,107422,98.43,EMP-00002,1
EMP-00320,Employee 0320,Supply Chain,Junior,Latin America,2023-06-04 00:00:00+00:00,87841,76.48,EMP-00009,1
EMP-00321,Employee 0321,Supply Chain,Lead,Asia Pacific,2024-11-16 00:00:00+00:00,132848,71.97,EMP-00015,1
EMP-00322,Employee 0322,Sales,Director,North America,2023-04-03 00:00:00+00:00,175441,70.85,EMP-00009,1
EMP-00323,Employee 0323,Supply Chain,Mid,Latin America,2024-01-09 00:00:00+00:00,216566,81.24,EMP-00012,1
EMP-00324,Employee 0324,Marketing,Junior,Europe,2023-08-12 00:00:00+00:00,310111,66.08,EMP-00008,1
EMP-00325,Employee 0325,IT,Junior,Middle East & Africa,2023-11-21 00:00:00+00:00,169229,80.01,EMP-00003,1
EMP-00326,Employee 0326,IT,Director,Asia Pacific,2025-01-29 00:00:00+00:00,283253,79.8,EMP-00007,1
EMP-00327,Employee 0327,Marketing,Senior,Middle East & Africa,2025-03-27 00:00:00+00:00,51323,84.5,EMP-00010,1
EMP-00328,Employee 0328,Marketing,Director,Asia Pacific,2023-12-25 00:00:00+00:00,179015,58.75,EMP-00013,1
EMP-00329,Employee 0329,Supply Chain,Mid,Europe,2025-04-06 00:00:00+00:00,153715,56.02,EMP-00007,1
EMP-00330,Employee 0330,Marketing,Lead,Middle East & Africa,2023-05-20 00:00:00+00:00,287543,73.18,EMP-00001,1
EMP-00331,Employee 0331,IT,Director,Europe,2025-02-01 00:00:00+00:00,305325,76.47,EMP-00009,1
EMP-00332,Employee 0332,Supply Chain,Mid,Latin America,2023-06-19 00:00:00+00:00,162699,65.71,EMP-00006,1
EMP-00333,Employee 0333,Operations,Junior,Latin America,2023-10-28 00:00:00+00:00,305781,62.95,EMP-00013,1
EMP-00334,Employee 0334,IT,Mid,Asia Pacific,2024-10-14 00:00:00+00:00,214595,82.76,EMP-00007,1
EMP-00335,Employee 0335,Sales,Senior,Middle East & Africa,2023-11-14 00:00:00+00:00,165104,74.57,EMP-00010,1
EMP-00336,Employee 0336,Operations,Senior,Middle East & Africa,2024-02-08 00:00:00+00:00,152001,86.9,EMP-00013,1
EMP-00337,Employee 0337,Marketing,VP,Europe,2023-04-12 00:00:00+00:00,50861,62.86,EMP-00009,1
EMP-00338,Employee 0338,Supply Chain,Lead,North America,2024-09-13 00:00:00+00:00,233148,76.81,EMP-00006,1
EMP-00339,Employee 0339,Supply Chain,Junior,North America,2024-04-13 00:00:00+00:00,149382,96.4,EMP-00006,1
EMP-00340,Employee 0340,Executive,Director,North America,2023-02-22 00:00:00+00:00,238923,74.73,EMP-00002,1
EMP-00341,Employee 0341,Customer Success,Lead,Asia Pacific,2023-09-07 00:00:00+00:00,152195,71.58,EMP-00003,1
EMP-00342,Employee 0342,Sales,Mid,Europe,2024-12-29 00:00:00+00:00,76246,88.03,EMP-00002,1
EMP-00343,Employee 0343,Customer Success,Director,Asia Pacific,2023-12-30 00:00:00+00:00,293285,91.4,EMP-00004,1
EMP-00344,Employee 0344,Supply Chain,Mid,Asia Pacific,2025-08-20 00:00:00+00:00,292410,71.01,EMP-00002,0
EMP-00345,Employee 0345,Sales,Senior,Europe,2025-06-29 00:00:00+00:00,134942,71.82,EMP-00011,1
EMP-00346,Employee 0346,Finance,Lead,Latin America,2025-02-25 00:00:00+00:00,116172,87.52,EMP-00010,1
EMP-00347,Employee 0347,Executive,Junior,Europe,2025-06-19 00:00:00+00:00,210401,81.3,EMP-00012,1
EMP-00348,Employee 0348,Sales,Senior,Middle East & Africa,2024-12-22 00:00:00+00:00,255252,81.55,EMP-00008,1
EMP-00349,Employee 0349,Finance,Senior,North America,2024-03-23 00:00:00+00:00,180530,80.6,EMP-00005,1
EMP-00350,Employee 0350,Sales,Senior,Latin America,2023-07-18 00:00:00+00:00,304268,77.44,EMP-00004,1
EMP-00351,Employee 0351,Marketing,Senior,Europe,2024-09-19 00:00:00+00:00,186361,89.03,EMP-00002,1
EMP-00352,Employee 0352,Sales,Junior,North America,2024-02-10 00:00:00+00:00,127755,93.27,EMP-00003,1
EMP-00353,Employee 0353,Sales,Junior,North America,2025-08-27 00:00:00+00:00,239432,66.67,EMP-00008,1
EMP-00354,Employee 0354,IT,Junior,Latin America,2023-06-05 00:00:00+00:00,313237,87.76,EMP-00014,1
EMP-00355,Employee 0355,Sales,Junior,Middle East & Africa,2024-05-31 00:00:00+00:00,230204,77.52,EMP-00006,0
EMP-00356,Employee 0356,Customer Success,Mid,North America,2025-02-01 00:00:00+00:00,258604,63.85,EMP-00009,1
EMP-00357,Employee 0357,IT,Senior,Europe,2024-06-18 00:00:00+00:00,318600,67.83,EMP-00004,1
EMP-00358,Employee 0358,IT,Junior,Latin America,2025-01-12 00:00:00+00:00,247499,73.5,EMP-00013,1
EMP-00359,Employee 0359,Supply Chain,Lead,Latin America,2023-01-21 00:00:00+00:00,281901,89.64,EMP-00002,1
EMP-00360,Employee 0360,Supply Chain,Lead,Asia Pacific,2023-05-04 00:00:00+00:00,76828,66.62,EMP-00004,1
EMP-00361,Employee 0361,Finance,Junior,North America,2023-02-14 00:00:00+00:00,94978,58.19,EMP-00015,1
EMP-00362,Employee 0362,IT,Junior,Asia Pacific,2025-01-15 00:00:00+00:00,174044,75.09,EMP-00008,1
EMP-00363,Employee 0363,Executive,Mid,Asia Pacific,2024-11-05 00:00:00+00:00,259563,72.75,EMP-00012,1
EMP-00364,Employee 0364,Operations,Senior,Latin America,2024-07-25 00:00:00+00:00,176774,89.78,EMP-00004,1
EMP-00365,Employee 0365,Sales,Junior,Middle East & Africa,2024-02-26 00:00:00+00:00,275908,80.83,EMP-00013,1
EMP-00366,Employee 0366,Marketing,Mid,North America,2025-09-07 00:00:00+00:00,291457,85.84,EMP-00003,1
EMP-00367,Employee 0367,Operations,VP,Middle East & Africa,2024-04-23 00:00:00+00:00,133369,73.67,EMP-00007,1
EMP-00368,Employee 0368,Supply Chain,Senior,Asia Pacific,2025-09-16 00:00:00+00:00,181376,64.61,EMP-00006,1
EMP-00369,Employee 0369,Sales,Junior,Latin America,2023-05-21 00:00:00+00:00,252815,92.43,EMP-00014,1
EMP-00370,Employee 0370,Finance,Senior,Middle East & Africa,2023-03-22 00:00:00+00:00,152917,71.51,EMP-00001,1
EMP-00371,Employee 0371,Executive,Mid,Latin America,2025-03-28 00:00:00+00:00,61665,85.12,EMP-00015,1
EMP-00372,Employee 0372,Sales,Lead,North America,2025-04-16 00:00:00+00:00,163429,73.95,EMP-00014,1
EMP-00373,Employee 0373,Supply Chain,Director,Europe,2024-10-06 00:00:00+00:00,247900,85.23,EMP-00005,1
EMP-00374,Employee 0374,Sales,Mid,Middle East & Africa,2023-06-10 00:00:00+00:00,310128,81.32,EMP-00007,1
EMP-00375,Employee 0375,Finance,Director,North America,2024-02-05 00:00:00+00:00,106638,79.41,EMP-00012,1
EMP-00376,Employee 0376,Executive,Lead,Latin America,2024-07-03 00:00:00+00:00,214965,82.55,EMP-00002,1
EMP-00377,Employee 0377,Supply Chain,Junior,Asia Pacific,2025-03-14 00:00:00+00:00,211675,75.35,EMP-00005,1
EMP-00378,Employee 0378,Operations,Lead,Middle East & Africa,2024-05-20 00:00:00+00:00,183471,59.25,EMP-00008,1
EMP-00379,Employee 0379,IT,Junior,Middle East & Africa,2024-09-22 00:00:00+00:00,285317,81.18,EMP-00013,1
EMP-00380,Employee 0380,Sales,Junior,North America,2023-10-01 00:00:00+00:00,255778,90.6,EMP-00014,1
EMP-00381,Employee 0381,Operations,Lead,Middle East & Africa,2023-01-25 00:00:00+00:00,62351,77.51,EMP-00008,1
EMP-00382,Employee 0382,Customer Success,Mid,Middle East & Africa,2024-12-23 00:00:00+00:00,124398,74.55,EMP-00015,1
EMP-00383,Employee 0383,Finance,Director,Middle East & Africa,2023-03-03 00:00:00+00:00,55482,80.87,EMP-00015,1
EMP-00384,Employee 0384,Supply Chain,Mid,Asia Pacific,2024-06-19 00:00:00+00:00,280674,88.77,EMP-00001,1
EMP-00385,Employee 0385,Customer Success,Senior,Middle East & Africa,2024-03-19 00:00:00+00:00,188310,74.91,EMP-00009,1
EMP-00386,Employee 0386,Supply Chain,Lead,Europe,2024-09-14 00:00:00+00:00,217493,61.56,EMP-00015,1
EMP-00387,Employee 0387,IT,Lead,North America,2024-08-20 00:00:00+00:00,105486,79.74,EMP-00004,1
EMP-00388,Employee 0388,Supply Chain,Junior,Asia Pacific,2024-11-22 00:00:00+00:00,119895,82.01,EMP-00005,0
EMP-00389,Employee 0389,Supply Chain,Mid,Europe,2023-03-28 00:00:00+00:00,119981,79.92,EMP-00005,1
EMP-00390,Employee 0390,Operations,Lead,Middle East & Africa,2024-02-09 00:00:00+00:00,74532,72.56,EMP-00011,1
EMP-00391,Employee 0391,Sales,Mid,Latin America,2023-11-13 00:00:00+00:00,157194,81.68,EMP-00007,1
EMP-00392,Employee 0392,Finance,Senior,Asia Pacific,2023-02-11 00:00:00+00:00,184679,75.46,EMP-00012,1
EMP-00393,Employee 0393,Supply Chain,Junior,North America,2025-08-24 00:00:00+00:00,247030,73.19,EMP-00006,1
EMP-00394,Employee 0394,Executive,Senior,North America,2023-09-15 00:00:00+00:00,255407,74.86,EMP-00014,1
EMP-00395,Employee 0395,Marketing,Mid,Latin America,2023-03-13 00:00:00+00:00,148473,79.9,EMP-00004,1
EMP-00396,Employee 0396,Supply Chain,Lead,North America,2023-06-25 00:00:00+00:00,137049,81.09,EMP-00007,1
EMP-00397,Employee 0397,Operations,Lead,Latin America,2024-12-25 00:00:00+00:00,50587,72.35,EMP-00013,1
EMP-00398,Employee 0398,Marketing,Senior,North America,2025-01-23 00:00:00+00:00,309953,80.19,EMP-00012,1
EMP-00399,Employee 0399,Sales,Junior,Europe,2023-08-02 00:00:00+00:00,97097,82.2,EMP-00006,1
EMP-00400,Employee 0400,Supply Chain,Mid,Europe,2023-09-07 00:00:00+00:00,193720,84.13,EMP-00011,1
EMP-00401,Employee 0401,Marketing,Junior,Europe,2024-05-05 00:00:00+00:00,207509,83.3,EMP-00007,1
EMP-00402,Employee 0402,Finance,Mid,Asia Pacific,2024-01-01 00:00:00+00:00,279381,92.33,EMP-00005,1
EMP-00403,Employee 0403,Customer Success,Mid,Europe,2024-08-21 00:00:00+00:00,81696,85.55,EMP-00005,1
EMP-00404,Employee 0404,Supply Chain,Mid,Europe,2024-03-22 00:00:00+00:00,81669,99.0,EMP-00013,1
EMP-00405,Employee 0405,Operations,VP,Europe,2024-06-01 00:00:00+00:00,318674,89.35,EMP-00013,1
EMP-00406,Employee 0406,Customer Success,Senior,Middle East & Africa,2025-04-15 00:00:00+00:00,196344,89.0,EMP-00014,1
EMP-00407,Employee 0407,IT,Mid,Europe,2024-10-17 00:00:00+00:00,97373,64.51,EMP-00006,1
EMP-00408,Employee 0408,Supply Chain,Lead,Latin America,2025-04-24 00:00:00+00:00,314013,86.32,EMP-00009,1
EMP-00409,Employee 0409,Sales,Mid,Middle East & Africa,2023-08-23 00:00:00+00:00,239303,87.36,EMP-00002,1
EMP-00410,Employee 0410,Finance,Mid,Asia Pacific,2023-08-08 00:00:00+00:00,166193,77.51,EMP-00013,1
EMP-00411,Employee 0411,Executive,Junior,Europe,2024-05-07 00:00:00+00:00,103911,55.47,EMP-00003,1
EMP-00412,Employee 0412,Supply Chain,Senior,Europe,2024-02-13 00:00:00+00:00,259677,52.38,EMP-00010,1
EMP-00413,Employee 0413,Marketing,Mid,Europe,2025-04-15 00:00:00+00:00,258280,74.92,EMP-00014,1
EMP-00414,Employee 0414,Sales,Mid,Asia Pacific,2023-09-02 00:00:00+00:00,239787,72.08,EMP-00012,1
EMP-00415,Employee 0415,Sales,Mid,Latin America,2024-03-14 00:00:00+00:00,253714,61.59,EMP-00013,1
EMP-00416,Employee 0416,Executive,Lead,Latin America,2025-09-03 00:00:00+00:00,140702,82.26,EMP-00010,1
EMP-00417,Employee 0417,Customer Success,Lead,North America,2023-11-27 00:00:00+00:00,272472,65.53,EMP-00015,1
EMP-00418,Employee 0418,Finance,Senior,North America,2024-06-17 00:00:00+00:00,273818,59.68,EMP-00011,1
EMP-00419,Employee 0419,Operations,Director,Latin America,2024-04-09 00:00:00+00:00,73490,99.0,EMP-00010,1
EMP-00420,Employee 0420,Sales,Mid,Middle East & Africa,2023-01-01 00:00:00+00:00,168390,83.55,EMP-00001,1
